color,size,ds,y_true,y_pred
1,1,2024-01-01,5,9.513601
1,1,2024-01-02,6,8.97693
1,1,2024-01-03,9,9.296147
1,1,2024-01-04,7,10.006272
1,1,2024-01-05,9,9.4823475
1,1,2024-01-06,14,9.25343
1,1,2024-01-07,9,10.228597
1,1,2024-01-08,6,9.182788
1,1,2024-01-09,7,9.090497
1,1,2024-01-10,7,9.341947
1,1,2024-01-11,5,9.321731
1,1,2024-01-12,4,9.513521
1,1,2024-01-13,12,9.779881
1,1,2024-01-14,7,9.559213
1,1,2024-01-15,9,9.138225
1,1,2024-01-16,7,9.315974
1,1,2024-01-17,2,9.167903
1,1,2024-01-18,4,8.717051
1,1,2024-01-19,10,8.914592
1,1,2024-01-20,12,9.79685
1,1,2024-01-21,9,9.511874
1,1,2024-01-22,8,9.446519
1,1,2024-01-23,0,9.1803
1,1,2024-01-24,5,8.456229
1,1,2024-01-25,3,8.976452
1,1,2024-01-26,12,9.500254
1,1,2024-01-27,8,10.046092
1,1,2024-01-28,10,10.01807
1,1,2024-01-29,10,9.839699
1,1,2024-01-30,5,9.508773
1,1,2024-01-31,10,9.289173
1,1,2024-02-01,17,9.692063
1,1,2024-02-02,6,11.065351
1,1,2024-02-03,12,10.082205
1,1,2024-02-04,3,10.49345
1,1,2024-02-05,3,9.917151
1,1,2024-02-06,8,10.026818
1,1,2024-02-07,7,10.83649
1,1,2024-02-08,2,10.889143
1,1,2024-02-09,3,9.214894
1,1,2024-02-10,13,9.647054
1,1,2024-02-11,10,9.308861
1,1,2024-02-12,13,9.301403
1,1,2024-02-13,12,9.834483
1,1,2024-02-14,3,9.598161
1,1,2024-02-15,4,8.722078
1,1,2024-02-16,7,8.992643
1,1,2024-02-17,14,10.355238
1,1,2024-02-18,6,10.338424
1,1,2024-02-19,10,10.01147
1,1,2024-02-20,7,9.690678
1,1,2024-02-21,9,8.955251
1,1,2024-02-22,7,9.202652
1,1,2024-02-23,11,9.44515
1,1,2024-02-24,14,10.126356
1,1,2024-02-25,8,9.632431
1,1,2024-02-26,11,9.569237
1,1,2024-02-27,6,9.492631
1,1,2024-02-28,10,9.346208
1,1,2024-02-29,7,9.5750675
1,1,2024-03-01,11,9.988105
1,1,2024-03-02,12,10.30132
1,1,2024-03-03,16,9.673892
1,1,2024-03-04,12,10.010862
1,1,2024-03-05,8,9.485404
1,1,2024-03-06,13,9.556407
1,1,2024-03-07,15,9.76287
1,1,2024-03-08,11,10.601843
1,1,2024-03-09,19,10.756076
1,1,2024-03-10,3,11.503621
1,1,2024-03-11,10,10.049981
1,1,2024-03-12,14,10.243249
1,1,2024-03-13,7,11.331122
1,1,2024-03-14,11,11.02017
1,1,2024-03-15,5,10.54065
1,1,2024-03-16,13,10.410308
1,1,2024-03-17,18,9.468479
1,1,2024-03-18,11,10.47977
1,1,2024-03-19,12,10.503209
1,1,2024-03-20,4,9.737311
1,1,2024-03-21,6,9.721732
1,1,2024-03-22,9,10.479037
1,1,2024-03-23,17,11.848506
1,1,2024-03-24,15,12.26686
1,1,2024-03-25,5,11.292693
1,1,2024-03-26,16,10.637475
1,1,2024-03-27,6,9.984405
1,1,2024-03-28,6,11.393016
1,1,2024-03-29,6,11.580781
1,1,2024-03-30,10,11.369067
1,1,2024-03-31,0,11.039597
1,1,2024-04-01,13,9.880161
1,1,2024-04-02,10,10.977353
1,1,2024-04-03,5,9.77171
1,1,2024-04-04,5,9.409923
1,1,2024-04-05,6,9.518248
1,1,2024-04-06,15,9.360782
1,1,2024-04-07,12,9.720044
1,1,2024-04-08,9,10.721749
1,1,2024-04-09,10,10.063802
1,1,2024-04-10,9,9.619053
1,1,2024-04-11,0,9.575095
1,1,2024-04-12,7,9.073956
1,1,2024-04-13,17,11.612544
1,1,2024-04-14,14,11.440919
1,1,2024-04-15,12,11.133431
1,1,2024-04-16,3,11.072059
1,1,2024-04-17,0,10.11141
1,1,2024-04-18,10,9.242242
1,1,2024-04-19,10,10.417506
1,1,2024-04-20,20,11.026427
1,1,2024-04-21,12,11.708181
1,1,2024-04-22,22,11.638531
1,1,2024-04-23,13,11.991934
1,1,2024-04-24,14,11.620517
1,1,2024-04-25,10,11.920986
1,1,2024-04-26,5,11.300183
1,1,2024-04-27,0,11.611089
1,1,2024-04-28,14,10.880583
1,1,2024-04-29,11,11.87083
1,1,2024-04-30,12,10.603735
1,1,2024-05-01,9,10.309522
1,1,2024-05-02,3,9.501561
1,1,2024-05-03,18,8.776086
1,1,2024-05-04,18,9.800347
1,1,2024-05-05,15,11.248073
1,1,2024-05-06,17,10.682876
1,1,2024-05-07,12,10.904939
1,1,2024-05-08,13,10.2757845
1,1,2024-05-09,9,11.29766
1,1,2024-05-10,13,12.321524
1,1,2024-05-11,15,12.285777
1,1,2024-05-12,16,12.123226
1,1,2024-05-13,14,12.037826
1,1,2024-05-14,8,11.715636
1,1,2024-05-15,5,11.672448
1,1,2024-05-16,7,11.449649
1,1,2024-05-17,13,11.410129
1,1,2024-05-18,6,12.230446
1,1,2024-05-19,3,11.783618
1,1,2024-05-20,12,10.866979
1,1,2024-05-21,9,10.524783
1,1,2024-05-22,15,9.918476
1,1,2024-05-23,12,9.982829
1,1,2024-05-24,11,10.3035
1,1,2024-05-25,10,10.490638
1,1,2024-05-26,11,11.136718
1,1,2024-05-27,11,11.911489
1,1,2024-05-28,19,11.9605465
1,1,2024-05-29,4,12.162564
1,1,2024-05-30,11,11.134136
1,1,2024-05-31,15,10.199912
1,1,2024-06-01,3,10.474404
1,1,2024-06-02,7,10.168099
1,1,2024-06-03,7,10.4444685
1,1,2024-06-04,10,10.707838
1,1,2024-06-05,7,9.41988
1,1,2024-06-06,12,9.922435
1,1,2024-06-07,8,10.087161
1,1,2024-06-08,6,9.048833
1,1,2024-06-09,12,9.112755
1,1,2024-06-10,7,10.7119
1,1,2024-06-11,8,10.824613
1,1,2024-06-12,11,10.711898
1,1,2024-06-13,13,10.959369
1,1,2024-06-14,15,9.978295
1,1,2024-06-15,8,10.061918
1,1,2024-06-16,0,11.215478
1,1,2024-06-17,6,11.713998
1,1,2024-06-18,15,11.940449
1,1,2024-06-19,11,12.232531
1,1,2024-06-20,14,11.988938
1,1,2024-06-21,14,11.385358
1,1,2024-06-22,20,10.133466
1,1,2024-06-23,22,10.325844
1,1,2024-06-24,22,10.756192
1,1,2024-06-25,8,11.572178
1,1,2024-06-26,24,11.523458
1,1,2024-06-27,8,12.665439
1,1,2024-06-28,0,12.371307
1,1,2024-06-29,20,12.008006
1,1,2024-06-30,14,12.639294
1,1,2024-07-01,15,12.323295
1,1,2024-07-02,14,11.526652
1,1,2024-07-03,14,12.093781
1,1,2024-07-04,16,10.361907
1,1,2024-07-05,0,10.328908
1,1,2024-07-06,15,11.217316
1,1,2024-07-07,16,11.309946
1,1,2024-07-08,18,12.151927
1,1,2024-07-09,7,12.22153
1,1,2024-07-10,19,12.000129
1,1,2024-07-11,13,12.140229
1,1,2024-07-12,25,11.159034
1,1,2024-07-13,4,12.093548
1,1,2024-07-14,23,11.63542
1,1,2024-07-15,25,12.397029
1,1,2024-07-16,4,12.406556
1,1,2024-07-17,22,11.795148
1,1,2024-07-18,24,12.378408
1,1,2024-07-19,7,12.277019
1,1,2024-07-20,9,11.163272
1,1,2024-07-21,9,11.979013
1,1,2024-07-22,18,11.818307
1,1,2024-07-23,23,11.199721
1,1,2024-07-24,10,12.37292
1,1,2024-07-25,8,11.703368
1,1,2024-07-26,11,9.842931
1,1,2024-07-27,7,10.565755
1,1,2024-07-28,20,10.739131
1,1,2024-07-29,12,12.158219
1,1,2024-07-30,6,11.7526455
1,1,2024-07-31,15,9.711492
1,1,2024-08-01,8,10.155002
1,1,2024-08-02,9,10.206663
1,1,2024-08-03,0,10.194133
1,1,2024-08-04,23,10.83429
1,1,2024-08-05,11,10.788099
1,1,2024-08-06,10,10.071681
1,1,2024-08-07,14,10.973693
1,1,2024-08-08,14,10.111902
1,1,2024-08-09,6,10.116778
1,1,2024-08-10,6,9.919444
1,1,2024-08-11,17,11.497317
1,1,2024-08-12,10,10.567319
1,1,2024-08-13,7,10.370841
1,1,2024-08-14,18,10.609129
1,1,2024-08-15,13,10.699046
1,1,2024-08-16,15,9.777356
1,1,2024-08-17,12,10.34409
1,1,2024-08-18,11,11.373897
1,1,2024-08-19,8,10.208233
1,1,2024-08-20,16,10.294372
1,1,2024-08-21,14,11.805029
1,1,2024-08-22,9,11.172912
1,1,2024-08-23,6,10.953666
1,1,2024-08-24,22,10.076438
1,1,2024-08-25,11,10.9699135
1,1,2024-08-26,2,10.558036
1,1,2024-08-27,6,11.063451
1,1,2024-08-28,18,10.481538
1,1,2024-08-29,19,10.39818
1,1,2024-08-30,0,10.872494
1,1,2024-08-31,15,11.13647
1,1,2024-09-01,13,10.039809
1,1,2024-09-02,3,9.662745
1,1,2024-09-03,9,9.998452
1,1,2024-09-04,4,11.958352
1,1,2024-09-05,8,10.8720255
1,1,2024-09-06,8,9.681716
1,1,2024-09-07,25,10.981151
1,1,2024-09-08,15,11.376481
1,1,2024-09-09,8,10.38347
1,1,2024-09-10,11,10.790026
1,1,2024-09-11,5,10.597276
1,1,2024-09-12,9,10.406955
1,1,2024-09-13,1,10.993939
1,1,2024-09-14,8,11.060735
1,1,2024-09-15,22,10.445209
1,1,2024-09-16,17,10.619939
1,1,2024-09-17,6,10.646737
1,1,2024-09-18,15,9.480767
1,1,2024-09-19,18,10.182242
1,1,2024-09-20,12,10.355184
1,1,2024-09-21,12,11.182673
1,1,2024-09-22,13,11.937114
1,1,2024-09-23,10,11.311914
1,1,2024-09-24,11,10.057576
1,1,2024-09-25,0,11.422111
1,1,2024-09-26,16,10.901234
1,1,2024-09-27,0,10.693137
1,1,2024-09-28,20,10.234911
1,1,2024-09-29,6,11.486598
1,1,2024-09-30,1,10.411429
1,1,2024-10-01,3,9.907619
1,1,2024-10-02,5,9.3282175
1,1,2024-10-03,7,10.529141
1,1,2024-10-04,6,9.61612
1,1,2024-10-05,17,10.445545
1,1,2024-10-06,15,9.751402
1,1,2024-10-07,10,9.468333
1,1,2024-10-08,0,9.221843
1,1,2024-10-09,10,8.727977
1,1,2024-10-10,8,9.671438
1,1,2024-10-11,9,10.018903
1,1,2024-10-12,9,11.169052
1,1,2024-10-13,26,10.265737
1,1,2024-10-14,1,10.420463
1,1,2024-10-15,14,8.931169
1,1,2024-10-16,14,10.491214
1,1,2024-10-17,1,10.36219
1,1,2024-10-18,9,9.961381
1,1,2024-10-19,30,10.721789
1,1,2024-10-20,18,12.246931
1,1,2024-10-21,10,10.741277
1,1,2024-10-22,10,11.385768
1,1,2024-10-23,17,10.93271
1,1,2024-10-24,14,10.570286
1,1,2024-10-25,15,11.720605
1,1,2024-10-26,11,12.217196
1,1,2024-10-27,8,11.43345
1,1,2024-10-28,12,10.177741
1,1,2024-10-29,10,10.853887
1,1,2024-10-30,9,11.451473
1,1,2024-10-31,11,10.818683
1,1,2024-11-01,9,10.624965
1,1,2024-11-02,12,9.826228
1,1,2024-11-03,18,9.778265
1,1,2024-11-04,4,10.555705
1,1,2024-11-05,11,9.677506
1,1,2024-11-06,7,9.984819
1,1,2024-11-07,9,10.731536
1,1,2024-11-08,12,10.585441
1,1,2024-11-09,13,11.24142
1,1,2024-11-10,12,11.368528
1,1,2024-11-11,0,9.689557
1,1,2024-11-12,10,9.663903
1,1,2024-11-13,9,10.23752
1,1,2024-11-14,4,10.587607
1,1,2024-11-15,10,10.594092
1,1,2024-11-16,10,10.792422
1,1,2024-11-17,22,9.894395
1,1,2024-11-18,9,9.907355
1,1,2024-11-19,12,10.685958
1,1,2024-11-20,13,10.621041
1,1,2024-11-21,5,10.409627
1,1,2024-11-22,0,10.99374
1,1,2024-11-23,16,11.113057
1,1,2024-11-24,7,11.937659
1,1,2024-11-25,11,11.231702
1,1,2024-11-26,9,11.548753
1,1,2024-11-27,6,11.059242
1,1,2024-11-28,8,10.186295
1,1,2024-11-29,9,9.882785
1,1,2024-11-30,12,10.374379
1,1,2024-12-01,10,9.594373
1,1,2024-12-02,4,9.764106
1,1,2024-12-03,13,9.153958
1,1,2024-12-04,5,9.537957
1,1,2024-12-05,9,9.354651
1,1,2024-12-06,5,9.76718
1,1,2024-12-07,8,9.717694
1,1,2024-12-08,16,9.469363
1,1,2024-12-09,10,9.706646
1,1,2024-12-10,3,9.892982
1,1,2024-12-11,13,8.8613205
1,1,2024-12-12,4,9.639382
1,1,2024-12-13,2,9.048894
1,1,2024-12-14,11,9.516026
1,1,2024-12-15,4,10.587791
1,1,2024-12-16,16,9.257544
1,1,2024-12-17,14,9.670922
1,1,2024-12-18,10,10.112891
1,1,2024-12-19,2,9.250019
1,1,2024-12-20,16,9.0878935
1,1,2024-12-21,6,10.717831
1,1,2024-12-22,10,9.964684
1,1,2024-12-23,1,11.595703
1,1,2024-12-24,9,10.350101
1,1,2024-12-25,2,9.947905
1,1,2024-12-26,8,8.975213
1,1,2024-12-27,8,10.312446
1,1,2024-12-28,6,9.317969
1,1,2024-12-29,10,9.4103565
1,1,2024-12-30,3,9.1582
1,1,2024-12-31,9,9.08527
1,2,2024-01-01,9,10.132026
1,2,2024-01-02,1,9.648665
1,2,2024-01-03,8,9.446133
1,2,2024-01-04,1,10.161541
1,2,2024-01-05,6,9.856244
1,2,2024-01-06,4,10.323533
1,2,2024-01-07,7,9.174457
1,2,2024-01-08,3,9.226461
1,2,2024-01-09,13,8.664152
1,2,2024-01-10,9,9.522388
1,2,2024-01-11,5,9.068126
1,2,2024-01-12,2,8.949758
1,2,2024-01-13,2,8.6489
1,2,2024-01-14,15,8.786209
1,2,2024-01-15,9,9.603555
1,2,2024-01-16,7,10.01485
1,2,2024-01-17,4,9.265431
1,2,2024-01-18,9,8.747151
1,2,2024-01-19,16,9.003731
1,2,2024-01-20,11,9.697987
1,2,2024-01-21,10,10.362954
1,2,2024-01-22,5,9.456895
1,2,2024-01-23,9,8.977
1,2,2024-01-24,10,9.208489
1,2,2024-01-25,4,10.067103
1,2,2024-01-26,10,10.414138
1,2,2024-01-27,16,9.781984
1,2,2024-01-28,16,10.558406
1,2,2024-01-29,9,10.157122
1,2,2024-01-30,5,10.09003
1,2,2024-01-31,5,9.74159
1,2,2024-02-01,10,9.457682
1,2,2024-02-02,9,11.110485
1,2,2024-02-03,10,10.97363
1,2,2024-02-04,7,10.6553755
1,2,2024-02-05,9,9.75035
1,2,2024-02-06,10,9.792419
1,2,2024-02-07,6,10.012311
1,2,2024-02-08,9,10.159314
1,2,2024-02-09,5,9.882794
1,2,2024-02-10,14,9.686168
1,2,2024-02-11,17,9.678509
1,2,2024-02-12,9,10.238237
1,2,2024-02-13,3,9.8237505
1,2,2024-02-14,6,9.020793
1,2,2024-02-15,9,9.415721
1,2,2024-02-16,15,9.528599
1,2,2024-02-17,7,11.014713
1,2,2024-02-18,15,10.375064
1,2,2024-02-19,5,9.66138
1,2,2024-02-20,5,8.817839
1,2,2024-02-21,16,9.075103
1,2,2024-02-22,8,10.258777
1,2,2024-02-23,12,10.463638
1,2,2024-02-24,3,9.746482
1,2,2024-02-25,11,9.861076
1,2,2024-02-26,9,9.329893
1,2,2024-02-27,4,9.555268
1,2,2024-02-28,7,10.294858
1,2,2024-02-29,7,9.410024
1,2,2024-03-01,4,9.571761
1,2,2024-03-02,8,8.839573
1,2,2024-03-03,8,9.588451
1,2,2024-03-04,6,9.311022
1,2,2024-03-05,7,8.94863
1,2,2024-03-06,11,9.130986
1,2,2024-03-07,14,9.339063
1,2,2024-03-08,8,9.466126
1,2,2024-03-09,9,9.35393
1,2,2024-03-10,12,9.339335
1,2,2024-03-11,8,9.411099
1,2,2024-03-12,10,9.42871
1,2,2024-03-13,14,10.11572
1,2,2024-03-14,7,10.372874
1,2,2024-03-15,15,9.350899
1,2,2024-03-16,12,10.0136175
1,2,2024-03-17,10,10.0874815
1,2,2024-03-18,16,9.610055
1,2,2024-03-19,20,10.284074
1,2,2024-03-20,0,11.025464
1,2,2024-03-21,10,9.520173
1,2,2024-03-22,5,11.918425
1,2,2024-03-23,11,11.394706
1,2,2024-03-24,10,11.480338
1,2,2024-03-25,16,11.794588
1,2,2024-03-26,3,11.656211
1,2,2024-03-27,2,8.88193
1,2,2024-03-28,12,10.803809
1,2,2024-03-29,11,11.108481
1,2,2024-03-30,10,11.10815
1,2,2024-03-31,16,10.78288
1,2,2024-04-01,11,10.702212
1,2,2024-04-02,5,9.66995
1,2,2024-04-03,5,9.276797
1,2,2024-04-04,4,10.497306
1,2,2024-04-05,13,10.43411
1,2,2024-04-06,22,10.602063
1,2,2024-04-07,12,11.680822
1,2,2024-04-08,7,10.589314
1,2,2024-04-09,16,9.693181
1,2,2024-04-10,20,10.346883
1,2,2024-04-11,12,11.135032
1,2,2024-04-12,10,11.596345
1,2,2024-04-13,0,12.5626135
1,2,2024-04-14,6,11.449187
1,2,2024-04-15,9,11.423298
1,2,2024-04-16,6,11.903895
1,2,2024-04-17,11,10.945423
1,2,2024-04-18,11,10.022233
1,2,2024-04-19,16,9.942441
1,2,2024-04-20,11,10.148399
1,2,2024-04-21,6,11.158216
1,2,2024-04-22,12,11.443184
1,2,2024-04-23,19,11.848117
1,2,2024-04-24,9,12.147867
1,2,2024-04-25,6,11.518584
1,2,2024-04-26,6,10.73511
1,2,2024-04-27,9,9.724257
1,2,2024-04-28,19,9.716002
1,2,2024-04-29,8,11.150754
1,2,2024-04-30,9,10.8298235
1,2,2024-05-01,0,9.39576
1,2,2024-05-02,14,8.663034
1,2,2024-05-03,13,9.742717
1,2,2024-05-04,0,10.341332
1,2,2024-05-05,5,10.377057
1,2,2024-05-06,12,9.101108
1,2,2024-05-07,9,9.570363
1,2,2024-05-08,5,9.314883
1,2,2024-05-09,5,10.94024
1,2,2024-05-10,12,10.408637
1,2,2024-05-11,23,10.019494
1,2,2024-05-12,15,10.917098
1,2,2024-05-13,8,11.5016
1,2,2024-05-14,6,10.80149
1,2,2024-05-15,7,10.852258
1,2,2024-05-16,13,11.253419
1,2,2024-05-17,5,11.699611
1,2,2024-05-18,10,12.183056
1,2,2024-05-19,7,11.294839
1,2,2024-05-20,3,10.552727
1,2,2024-05-21,7,10.073474
1,2,2024-05-22,11,9.998179
1,2,2024-05-23,6,9.848781
1,2,2024-05-24,15,9.578078
1,2,2024-05-25,5,10.538123
1,2,2024-05-26,13,10.560103
1,2,2024-05-27,16,11.268885
1,2,2024-05-28,8,11.875784
1,2,2024-05-29,6,11.424209
1,2,2024-05-30,13,10.6798525
1,2,2024-05-31,8,10.487012
1,2,2024-06-01,14,9.416747
1,2,2024-06-02,19,10.809885
1,2,2024-06-03,13,11.020716
1,2,2024-06-04,12,9.743089
1,2,2024-06-05,2,9.7840605
1,2,2024-06-06,19,10.334657
1,2,2024-06-07,21,10.987626
1,2,2024-06-08,11,11.945606
1,2,2024-06-09,21,11.709197
1,2,2024-06-10,10,12.138833
1,2,2024-06-11,8,11.758201
1,2,2024-06-12,19,11.3894
1,2,2024-06-13,5,12.358954
1,2,2024-06-14,11,11.967946
1,2,2024-06-15,30,11.43011
1,2,2024-06-16,18,12.323038
1,2,2024-06-17,8,12.472989
1,2,2024-06-18,16,12.383716
1,2,2024-06-19,7,12.51464
1,2,2024-06-20,8,11.833497
1,2,2024-06-21,4,11.747824
1,2,2024-06-22,19,11.104697
1,2,2024-06-23,5,10.91632
1,2,2024-06-24,6,10.261749
1,2,2024-06-25,13,10.680576
1,2,2024-06-26,9,11.216859
1,2,2024-06-27,11,11.940511
1,2,2024-06-28,4,11.819362
1,2,2024-06-29,20,11.372002
1,2,2024-06-30,16,11.100167
1,2,2024-07-01,5,10.272935
1,2,2024-07-02,11,10.558323
1,2,2024-07-03,1,10.209512
1,2,2024-07-04,15,9.880336
1,2,2024-07-05,3,10.1927
1,2,2024-07-06,37,11.015285
1,2,2024-07-07,23,11.771331
1,2,2024-07-08,15,11.529302
1,2,2024-07-09,8,11.890643
1,2,2024-07-10,22,11.343374
1,2,2024-07-11,8,12.134347
1,2,2024-07-12,7,11.83745
1,2,2024-07-13,3,11.61783
1,2,2024-07-14,16,11.669631
1,2,2024-07-15,4,12.140031
1,2,2024-07-16,8,11.566112
1,2,2024-07-17,6,11.336907
1,2,2024-07-18,1,10.23821
1,2,2024-07-19,15,8.776233
1,2,2024-07-20,15,9.655339
1,2,2024-07-21,9,10.525665
1,2,2024-07-22,8,9.201834
1,2,2024-07-23,0,9.305945
1,2,2024-07-24,8,8.665284
1,2,2024-07-25,10,9.386354
1,2,2024-07-26,5,10.831323
1,2,2024-07-27,6,10.105301
1,2,2024-07-28,8,9.24229
1,2,2024-07-29,27,9.213391
1,2,2024-07-30,8,10.096941
1,2,2024-07-31,13,9.78494
1,2,2024-08-01,12,10.071663
1,2,2024-08-02,10,9.594089
1,2,2024-08-03,14,9.813495
1,2,2024-08-04,5,10.927045
1,2,2024-08-05,16,11.560696
1,2,2024-08-06,18,10.090215
1,2,2024-08-07,10,11.086815
1,2,2024-08-08,18,10.56118
1,2,2024-08-09,23,10.716712
1,2,2024-08-10,31,11.55482
1,2,2024-08-11,16,11.576303
1,2,2024-08-12,22,11.89733
1,2,2024-08-13,7,12.121755
1,2,2024-08-14,10,11.302011
1,2,2024-08-15,14,11.958711
1,2,2024-08-16,6,12.165244
1,2,2024-08-17,17,11.923226
1,2,2024-08-18,7,11.812936
1,2,2024-08-19,10,11.323228
1,2,2024-08-20,17,9.62284
1,2,2024-08-21,13,10.522028
1,2,2024-08-22,8,10.728626
1,2,2024-08-23,3,9.708259
1,2,2024-08-24,22,10.628833
1,2,2024-08-25,27,10.639777
1,2,2024-08-26,12,11.751733
1,2,2024-08-27,8,11.63688
1,2,2024-08-28,13,11.043527
1,2,2024-08-29,10,10.656479
1,2,2024-08-30,24,10.863327
1,2,2024-08-31,18,12.424056
1,2,2024-09-01,3,12.121047
1,2,2024-09-02,9,10.563213
1,2,2024-09-03,6,10.575923
1,2,2024-09-04,3,11.621383
1,2,2024-09-05,7,11.300489
1,2,2024-09-06,0,11.911107
1,2,2024-09-07,6,10.448333
1,2,2024-09-08,6,9.327149
1,2,2024-09-09,7,9.784839
1,2,2024-09-10,1,9.35397
1,2,2024-09-11,7,8.574768
1,2,2024-09-12,7,9.170414
1,2,2024-09-13,11,8.724305
1,2,2024-09-14,19,9.60102
1,2,2024-09-15,5,10.101748
1,2,2024-09-16,7,9.37761
1,2,2024-09-17,19,9.078709
1,2,2024-09-18,16,9.998088
1,2,2024-09-19,15,10.300767
1,2,2024-09-20,10,11.063227
1,2,2024-09-21,2,11.0917015
1,2,2024-09-22,31,9.058939
1,2,2024-09-23,17,11.634907
1,2,2024-09-24,2,11.987512
1,2,2024-09-25,7,11.298104
1,2,2024-09-26,7,11.25334
1,2,2024-09-27,7,10.57599
1,2,2024-09-28,16,11.028445
1,2,2024-09-29,20,12.345439
1,2,2024-09-30,6,11.258647
1,2,2024-10-01,7,9.231691
1,2,2024-10-02,11,9.289916
1,2,2024-10-03,7,9.751649
1,2,2024-10-04,7,10.013331
1,2,2024-10-05,10,10.750787
1,2,2024-10-06,6,10.665977
1,2,2024-10-07,3,9.0940275
1,2,2024-10-08,10,9.0127535
1,2,2024-10-09,11,9.6704445
1,2,2024-10-10,3,9.428413
1,2,2024-10-11,18,9.009423
1,2,2024-10-12,23,10.051829
1,2,2024-10-13,13,10.159988
1,2,2024-10-14,8,9.95536
1,2,2024-10-15,11,10.569652
1,2,2024-10-16,6,10.695733
1,2,2024-10-17,15,10.283263
1,2,2024-10-18,16,11.9606695
1,2,2024-10-19,5,11.84493
1,2,2024-10-20,20,9.945369
1,2,2024-10-21,7,10.203628
1,2,2024-10-22,5,10.048427
1,2,2024-10-23,5,9.852554
1,2,2024-10-24,8,10.982339
1,2,2024-10-25,7,10.631276
1,2,2024-10-26,6,9.582374
1,2,2024-10-27,15,10.489938
1,2,2024-10-28,2,9.588719
1,2,2024-10-29,7,8.7193985
1,2,2024-10-30,9,8.989959
1,2,2024-10-31,5,9.350617
1,2,2024-11-01,13,9.093741
1,2,2024-11-02,5,9.663624
1,2,2024-11-03,12,9.756073
1,2,2024-11-04,6,9.241336
1,2,2024-11-05,8,9.198108
1,2,2024-11-06,15,9.403342
1,2,2024-11-07,3,10.2937
1,2,2024-11-08,8,10.03969
1,2,2024-11-09,6,9.610302
1,2,2024-11-10,7,10.126148
1,2,2024-11-11,6,9.426093
1,2,2024-11-12,5,9.970868
1,2,2024-11-13,6,10.431219
1,2,2024-11-14,9,9.262328
1,2,2024-11-15,7,9.970611
1,2,2024-11-16,16,9.609376
1,2,2024-11-17,9,9.7132845
1,2,2024-11-18,21,9.295724
1,2,2024-11-19,9,10.574637
1,2,2024-11-20,10,10.221324
1,2,2024-11-21,12,10.634381
1,2,2024-11-22,13,10.913587
1,2,2024-11-23,3,11.911313
1,2,2024-11-24,17,10.538096
1,2,2024-11-25,6,11.782352
1,2,2024-11-26,6,11.214094
1,2,2024-11-27,14,11.162663
1,2,2024-11-28,8,11.337165
1,2,2024-11-29,27,10.591262
1,2,2024-11-30,21,10.568241
1,2,2024-12-01,0,11.702914
1,2,2024-12-02,0,9.867633
1,2,2024-12-03,5,10.168219
1,2,2024-12-04,8,11.146208
1,2,2024-12-05,2,11.113878
1,2,2024-12-06,15,11.251185
1,2,2024-12-07,17,10.6092005
1,2,2024-12-08,15,9.48986
1,2,2024-12-09,13,9.403457
1,2,2024-12-10,7,9.517678
1,2,2024-12-11,9,9.37046
1,2,2024-12-12,1,9.646321
1,2,2024-12-13,6,11.004082
1,2,2024-12-14,5,11.143889
1,2,2024-12-15,17,10.424794
1,2,2024-12-16,9,10.383789
1,2,2024-12-17,3,9.414064
1,2,2024-12-18,5,9.021678
1,2,2024-12-19,9,8.757808
1,2,2024-12-20,5,9.609092
1,2,2024-12-21,11,9.651555
1,2,2024-12-22,10,10.890956
1,2,2024-12-23,13,9.701728
1,2,2024-12-24,8,9.575816
1,2,2024-12-25,5,9.458009
1,2,2024-12-26,3,9.302428
1,2,2024-12-27,4,8.900012
1,2,2024-12-28,10,9.65871
1,2,2024-12-29,18,9.919503
1,2,2024-12-30,12,10.454374
1,2,2024-12-31,5,9.591918
1,3,2024-01-01,0,9.500227
1,3,2024-01-02,13,8.972278
1,3,2024-01-03,3,9.314273
1,3,2024-01-04,2,9.47086
1,3,2024-01-05,10,10.233647
1,3,2024-01-06,11,10.801841
1,3,2024-01-07,14,10.021628
1,3,2024-01-08,13,9.4486475
1,3,2024-01-09,12,9.970462
1,3,2024-01-10,8,9.211902
1,3,2024-01-11,6,9.024919
1,3,2024-01-12,5,9.753896
1,3,2024-01-13,12,10.065944
1,3,2024-01-14,14,10.731596
1,3,2024-01-15,12,10.430915
1,3,2024-01-16,5,9.952123
1,3,2024-01-17,7,9.037282
1,3,2024-01-18,3,8.997796
1,3,2024-01-19,7,8.998836
1,3,2024-01-20,21,10.329196
1,3,2024-01-21,11,10.993938
1,3,2024-01-22,12,9.989503
1,3,2024-01-23,6,9.384118
1,3,2024-01-24,7,9.111465
1,3,2024-01-25,6,9.127617
1,3,2024-01-26,5,10.002194
1,3,2024-01-27,11,11.092886
1,3,2024-01-28,11,10.586057
1,3,2024-01-29,5,10.323695
1,3,2024-01-30,7,9.295188
1,3,2024-01-31,13,9.442855
1,3,2024-02-01,6,9.852542
1,3,2024-02-02,0,9.562541
1,3,2024-02-03,10,9.773165
1,3,2024-02-04,0,10.142855
1,3,2024-02-05,7,9.08274
1,3,2024-02-06,4,10.136575
1,3,2024-02-07,4,10.246884
1,3,2024-02-08,10,9.348472
1,3,2024-02-09,9,9.360808
1,3,2024-02-10,16,9.760041
1,3,2024-02-11,12,9.378878
1,3,2024-02-12,10,9.565558
1,3,2024-02-13,5,9.243466
1,3,2024-02-14,2,9.028632
1,3,2024-02-15,4,9.453085
1,3,2024-02-16,7,9.746112
1,3,2024-02-17,6,10.695359
1,3,2024-02-18,9,9.73257
1,3,2024-02-19,6,9.4887905
1,3,2024-02-20,6,8.939984
1,3,2024-02-21,9,8.812707
1,3,2024-02-22,9,9.072293
1,3,2024-02-23,8,9.202043
1,3,2024-02-24,7,9.158039
1,3,2024-02-25,20,9.293814
1,3,2024-02-26,14,9.836383
1,3,2024-02-27,11,9.627671
1,3,2024-02-28,8,9.729994
1,3,2024-02-29,2,9.519275
1,3,2024-03-01,8,9.241681
1,3,2024-03-02,4,10.1050005
1,3,2024-03-03,11,11.102754
1,3,2024-03-04,9,10.316756
1,3,2024-03-05,7,9.61683
1,3,2024-03-06,7,9.097592
1,3,2024-03-07,11,8.865806
1,3,2024-03-08,14,9.403855
1,3,2024-03-09,10,9.51852
1,3,2024-03-10,19,9.81536
1,3,2024-03-11,9,9.997947
1,3,2024-03-12,19,9.357389
1,3,2024-03-13,11,10.246198
1,3,2024-03-14,9,10.789035
1,3,2024-03-15,0,10.994548
1,3,2024-03-16,5,10.321767
1,3,2024-03-17,7,11.195217
1,3,2024-03-18,6,10.244086
1,3,2024-03-19,16,10.887755
1,3,2024-03-20,8,10.077458
1,3,2024-03-21,17,9.332885
1,3,2024-03-22,7,10.203057
1,3,2024-03-23,7,9.837737
1,3,2024-03-24,18,9.974574
1,3,2024-03-25,14,10.837844
1,3,2024-03-26,6,11.848016
1,3,2024-03-27,14,10.376233
1,3,2024-03-28,10,11.501969
1,3,2024-03-29,11,11.088061
1,3,2024-03-30,7,11.190161
1,3,2024-03-31,4,11.00368
1,3,2024-04-01,13,10.334661
1,3,2024-04-02,7,10.272212
1,3,2024-04-03,7,10.812306
1,3,2024-04-04,16,10.081005
1,3,2024-04-05,15,10.637055
1,3,2024-04-06,11,9.768558
1,3,2024-04-07,8,9.755683
1,3,2024-04-08,12,10.518303
1,3,2024-04-09,7,10.073546
1,3,2024-04-10,12,10.1403055
1,3,2024-04-11,6,10.975347
1,3,2024-04-12,7,10.302802
1,3,2024-04-13,10,10.823096
1,3,2024-04-14,10,10.773992
1,3,2024-04-15,10,11.077917
1,3,2024-04-16,0,10.465817
1,3,2024-04-17,14,9.732694
1,3,2024-04-18,8,9.394894
1,3,2024-04-19,11,10.142115
1,3,2024-04-20,13,10.781089
1,3,2024-04-21,11,11.319376
1,3,2024-04-22,11,11.484609
1,3,2024-04-23,6,11.181117
1,3,2024-04-24,0,11.367419
1,3,2024-04-25,13,10.485764
1,3,2024-04-26,10,10.397676
1,3,2024-04-27,15,10.411719
1,3,2024-04-28,9,10.248593
1,3,2024-04-29,16,9.709367
1,3,2024-04-30,11,9.594011
1,3,2024-05-01,6,9.367169
1,3,2024-05-02,16,10.436828
1,3,2024-05-03,3,10.608488
1,3,2024-05-04,19,10.577755
1,3,2024-05-05,12,10.717183
1,3,2024-05-06,8,11.106847
1,3,2024-05-07,3,9.957421
1,3,2024-05-08,11,9.356644
1,3,2024-05-09,8,11.3914995
1,3,2024-05-10,10,10.30987
1,3,2024-05-11,8,11.749352
1,3,2024-05-12,15,10.485624
1,3,2024-05-13,0,10.28582
1,3,2024-05-14,16,9.325137
1,3,2024-05-15,7,11.238728
1,3,2024-05-16,8,10.733968
1,3,2024-05-17,3,10.829225
1,3,2024-05-18,12,11.312572
1,3,2024-05-19,17,11.693933
1,3,2024-05-20,9,11.12382
1,3,2024-05-21,8,11.772297
1,3,2024-05-22,11,10.297807
1,3,2024-05-23,17,9.708027
1,3,2024-05-24,15,10.514363
1,3,2024-05-25,13,11.327489
1,3,2024-05-26,11,11.812135
1,3,2024-05-27,14,11.848616
1,3,2024-05-28,7,12.019143
1,3,2024-05-29,7,11.736537
1,3,2024-05-30,8,11.402846
1,3,2024-05-31,7,10.723057
1,3,2024-06-01,18,10.227359
1,3,2024-06-02,10,10.478463
1,3,2024-06-03,14,10.174538
1,3,2024-06-04,15,9.602895
1,3,2024-06-05,6,9.711583
1,3,2024-06-06,18,9.472058
1,3,2024-06-07,19,10.664178
1,3,2024-06-08,16,11.81901
1,3,2024-06-09,30,11.1191025
1,3,2024-06-10,7,12.498165
1,3,2024-06-11,8,12.140727
1,3,2024-06-12,14,11.781541
1,3,2024-06-13,6,12.290491
1,3,2024-06-14,2,11.994249
1,3,2024-06-15,18,11.374646
1,3,2024-06-16,7,11.912278
1,3,2024-06-17,12,11.673493
1,3,2024-06-18,6,11.9491415
1,3,2024-06-19,15,11.641175
1,3,2024-06-20,8,11.047797
1,3,2024-06-21,6,9.847774
1,3,2024-06-22,4,10.619542
1,3,2024-06-23,10,9.98627
1,3,2024-06-24,18,10.2455015
1,3,2024-06-25,7,10.813384
1,3,2024-06-26,15,11.107329
1,3,2024-06-27,12,11.836129
1,3,2024-06-28,9,11.863976
1,3,2024-06-29,40,11.638671
1,3,2024-06-30,10,12.591317
1,3,2024-07-01,13,11.793595
1,3,2024-07-02,11,11.03841
1,3,2024-07-03,7,11.622027
1,3,2024-07-04,12,11.039016
1,3,2024-07-05,13,11.213853
1,3,2024-07-06,17,11.934434
1,3,2024-07-07,23,10.266068
1,3,2024-07-08,12,11.623246
1,3,2024-07-09,9,11.116099
1,3,2024-07-10,7,10.875619
1,3,2024-07-11,5,11.714152
1,3,2024-07-12,13,11.552621
1,3,2024-07-13,34,11.682153
1,3,2024-07-14,16,12.11757
1,3,2024-07-15,10,11.679696
1,3,2024-07-16,6,11.78503
1,3,2024-07-17,0,11.611043
1,3,2024-07-18,10,11.263488
1,3,2024-07-19,12,11.749372
1,3,2024-07-20,0,12.018428
1,3,2024-07-21,2,10.0481615
1,3,2024-07-22,8,9.054031
1,3,2024-07-23,11,9.073459
1,3,2024-07-24,7,9.201364
1,3,2024-07-25,8,9.6364975
1,3,2024-07-26,10,9.500833
1,3,2024-07-27,6,8.988237
1,3,2024-07-28,11,8.878745
1,3,2024-07-29,5,9.568701
1,3,2024-07-30,14,9.421135
1,3,2024-07-31,14,9.594203
1,3,2024-08-01,17,9.751337
1,3,2024-08-02,11,10.047137
1,3,2024-08-03,17,9.587426
1,3,2024-08-04,11,10.449528
1,3,2024-08-05,8,10.096908
1,3,2024-08-06,1,11.194304
1,3,2024-08-07,4,10.890111
1,3,2024-08-08,20,11.047181
1,3,2024-08-09,14,11.216201
1,3,2024-08-10,21,11.289956
1,3,2024-08-11,15,10.638558
1,3,2024-08-12,12,9.898496
1,3,2024-08-13,8,9.594714
1,3,2024-08-14,3,10.539918
1,3,2024-08-15,6,11.52444
1,3,2024-08-16,12,11.2846155
1,3,2024-08-17,16,11.659171
1,3,2024-08-18,0,10.93423
1,3,2024-08-19,10,9.389498
1,3,2024-08-20,14,9.307338
1,3,2024-08-21,16,9.371845
1,3,2024-08-22,18,9.973027
1,3,2024-08-23,4,10.889328
1,3,2024-08-24,17,10.024007
1,3,2024-08-25,24,9.650955
1,3,2024-08-26,23,11.51888
1,3,2024-08-27,12,11.935293
1,3,2024-08-28,8,11.701316
1,3,2024-08-29,3,11.414418
1,3,2024-08-30,7,10.464772
1,3,2024-08-31,28,11.730779
1,3,2024-09-01,14,12.4481945
1,3,2024-09-02,8,11.867719
1,3,2024-09-03,22,10.475781
1,3,2024-09-04,14,11.165048
1,3,2024-09-05,6,10.786077
1,3,2024-09-06,6,11.403916
1,3,2024-09-07,4,12.121762
1,3,2024-09-08,4,10.985755
1,3,2024-09-09,5,10.676536
1,3,2024-09-10,14,11.4818945
1,3,2024-09-11,7,11.074968
1,3,2024-09-12,5,9.37837
1,3,2024-09-13,7,9.188373
1,3,2024-09-14,22,9.118794
1,3,2024-09-15,28,10.076642
1,3,2024-09-16,12,11.06437
1,3,2024-09-17,18,11.201831
1,3,2024-09-18,7,10.609711
1,3,2024-09-19,8,10.26212
1,3,2024-09-20,16,11.103641
1,3,2024-09-21,12,12.223958
1,3,2024-09-22,13,11.9529295
1,3,2024-09-23,18,10.744567
1,3,2024-09-24,16,11.162084
1,3,2024-09-25,7,9.866015
1,3,2024-09-26,4,10.033715
1,3,2024-09-27,12,11.035644
1,3,2024-09-28,4,11.354493
1,3,2024-09-29,16,11.191284
1,3,2024-09-30,15,11.865972
1,3,2024-10-01,5,11.103712
1,3,2024-10-02,10,9.089479
1,3,2024-10-03,3,9.407893
1,3,2024-10-04,8,9.72167
1,3,2024-10-05,21,9.492671
1,3,2024-10-06,18,11.311482
1,3,2024-10-07,16,10.988574
1,3,2024-10-08,18,9.989171
1,3,2024-10-09,11,10.672569
1,3,2024-10-10,3,10.136632
1,3,2024-10-11,8,10.816549
1,3,2024-10-12,7,11.792962
1,3,2024-10-13,2,11.504633
1,3,2024-10-14,4,10.93765
1,3,2024-10-15,7,10.48906
1,3,2024-10-16,18,9.444575
1,3,2024-10-17,13,9.643012
1,3,2024-10-18,4,9.644507
1,3,2024-10-19,2,8.91908
1,3,2024-10-20,13,8.512477
1,3,2024-10-21,13,9.463429
1,3,2024-10-22,10,10.2970915
1,3,2024-10-23,7,10.984782
1,3,2024-10-24,10,9.671809
1,3,2024-10-25,13,9.114268
1,3,2024-10-26,0,9.520381
1,3,2024-10-27,5,9.96452
1,3,2024-10-28,18,9.875986
1,3,2024-10-29,6,10.089761
1,3,2024-10-30,5,9.400381
1,3,2024-10-31,2,9.757739
1,3,2024-11-01,15,9.468244
1,3,2024-11-02,9,9.46112
1,3,2024-11-03,5,9.675811
1,3,2024-11-04,4,10.262038
1,3,2024-11-05,9,8.8296795
1,3,2024-11-06,14,9.110597
1,3,2024-11-07,14,10.122861
1,3,2024-11-08,9,11.115148
1,3,2024-11-09,10,9.848647
1,3,2024-11-10,7,9.525687
1,3,2024-11-11,5,9.209256
1,3,2024-11-12,8,10.062821
1,3,2024-11-13,16,10.885457
1,3,2024-11-14,5,11.09792
1,3,2024-11-15,9,10.051068
1,3,2024-11-16,18,10.205834
1,3,2024-11-17,6,9.842304
1,3,2024-11-18,16,9.169169
1,3,2024-11-19,4,10.903014
1,3,2024-11-20,12,11.027139
1,3,2024-11-21,8,10.28907
1,3,2024-11-22,4,10.821254
1,3,2024-11-23,9,11.449737
1,3,2024-11-24,16,9.956168
1,3,2024-11-25,3,11.254512
1,3,2024-11-26,9,10.141002
1,3,2024-11-27,10,10.778202
1,3,2024-11-28,12,10.432839
1,3,2024-11-29,2,10.078542
1,3,2024-11-30,15,9.413428
1,3,2024-12-01,3,10.421514
1,3,2024-12-02,13,8.769418
1,3,2024-12-03,3,9.825564
1,3,2024-12-04,11,9.481633
1,3,2024-12-05,7,9.891601
1,3,2024-12-06,11,9.16413
1,3,2024-12-07,26,10.177842
1,3,2024-12-08,11,10.192152
1,3,2024-12-09,7,10.218084
1,3,2024-12-10,0,9.235728
1,3,2024-12-11,8,9.842568
1,3,2024-12-12,4,10.16632
1,3,2024-12-13,7,10.860415
1,3,2024-12-14,17,11.337986
1,3,2024-12-15,17,10.096213
1,3,2024-12-16,7,9.722785
1,3,2024-12-17,6,8.927692
1,3,2024-12-18,11,9.15652
1,3,2024-12-19,9,9.4078865
1,3,2024-12-20,7,10.383708
1,3,2024-12-21,2,11.317084
1,3,2024-12-22,17,10.419362
1,3,2024-12-23,15,10.038484
1,3,2024-12-24,5,10.133693
1,3,2024-12-25,6,10.081777
1,3,2024-12-26,3,9.458312
1,3,2024-12-27,12,9.050854
1,3,2024-12-28,8,9.611682
1,3,2024-12-29,5,10.653913
1,3,2024-12-30,8,9.882985
1,3,2024-12-31,3,9.064557
2,1,2024-01-01,16,9.404275
2,1,2024-01-02,11,10.879075
2,1,2024-01-03,5,11.188703
2,1,2024-01-04,7,9.274468
2,1,2024-01-05,4,9.73828
2,1,2024-01-06,7,10.681859
2,1,2024-01-07,13,9.582927
2,1,2024-01-08,2,10.514123
2,1,2024-01-09,6,9.100499
2,1,2024-01-10,6,8.915596
2,1,2024-01-11,4,9.042223
2,1,2024-01-12,7,8.792081
2,1,2024-01-13,1,9.227966
2,1,2024-01-14,4,9.152629
2,1,2024-01-15,8,8.681941
2,1,2024-01-16,9,9.108821
2,1,2024-01-17,5,9.18394
2,1,2024-01-18,3,8.858762
2,1,2024-01-19,6,8.79927
2,1,2024-01-20,12,8.801278
2,1,2024-01-21,17,9.329837
2,1,2024-01-22,18,9.845204
2,1,2024-01-23,4,9.898212
2,1,2024-01-24,5,8.878203
2,1,2024-01-25,4,8.849029
2,1,2024-01-26,6,9.526474
2,1,2024-01-27,7,10.64726
2,1,2024-01-28,10,11.394624
2,1,2024-01-29,7,10.782573
2,1,2024-01-30,8,9.358834
2,1,2024-01-31,3,9.413882
2,1,2024-02-01,7,9.005208
2,1,2024-02-02,7,9.493318
2,1,2024-02-03,9,9.653962
2,1,2024-02-04,13,9.997367
2,1,2024-02-05,8,9.8733
2,1,2024-02-06,3,9.929626
2,1,2024-02-07,5,9.204425
2,1,2024-02-08,6,9.580468
2,1,2024-02-09,11,9.401395
2,1,2024-02-10,8,10.07554
2,1,2024-02-11,1,9.889157
2,1,2024-02-12,0,8.875625
2,1,2024-02-13,3,8.408666
2,1,2024-02-14,6,8.748387
2,1,2024-02-15,9,9.140173
2,1,2024-02-16,18,9.698403
2,1,2024-02-17,8,9.798355
2,1,2024-02-18,8,8.973124
2,1,2024-02-19,2,8.8865595
2,1,2024-02-20,1,8.601226
2,1,2024-02-21,9,8.807839
2,1,2024-02-22,9,9.92848
2,1,2024-02-23,6,10.560155
2,1,2024-02-24,6,9.214023
2,1,2024-02-25,13,9.105749
2,1,2024-02-26,2,9.28741
2,1,2024-02-27,7,8.6660185
2,1,2024-02-28,6,9.333132
2,1,2024-02-29,11,9.221675
2,1,2024-03-01,9,9.334235
2,1,2024-03-02,13,9.341701
2,1,2024-03-03,19,9.916474
2,1,2024-03-04,6,9.702081
2,1,2024-03-05,6,9.198358
2,1,2024-03-06,2,9.258574
2,1,2024-03-07,5,9.799542
2,1,2024-03-08,11,9.902984
2,1,2024-03-09,0,10.63499
2,1,2024-03-10,3,9.965193
2,1,2024-03-11,9,8.770222
2,1,2024-03-12,6,9.1846075
2,1,2024-03-13,14,8.91674
2,1,2024-03-14,13,9.57216
2,1,2024-03-15,8,9.757264
2,1,2024-03-16,9,8.953708
2,1,2024-03-17,15,9.113234
2,1,2024-03-18,7,9.813054
2,1,2024-03-19,9,9.378901
2,1,2024-03-20,15,10.270311
2,1,2024-03-21,15,10.2004
2,1,2024-03-22,9,10.52695
2,1,2024-03-23,18,10.529543
2,1,2024-03-24,0,11.491548
2,1,2024-03-25,9,10.002135
2,1,2024-03-26,2,11.058833
2,1,2024-03-27,9,11.078681
2,1,2024-03-28,3,11.270265
2,1,2024-03-29,0,10.702857
2,1,2024-03-30,1,10.236379
2,1,2024-03-31,16,9.053655
2,1,2024-04-01,9,10.232192
2,1,2024-04-02,10,9.649695
2,1,2024-04-03,16,9.897351
2,1,2024-04-04,4,9.991167
2,1,2024-04-05,8,9.100265
2,1,2024-04-06,8,9.238156
2,1,2024-04-07,24,10.8262
2,1,2024-04-08,9,11.142463
2,1,2024-04-09,8,10.79202
2,1,2024-04-10,9,10.7563925
2,1,2024-04-11,5,9.570014
2,1,2024-04-12,10,9.583457
2,1,2024-04-13,15,11.367209
2,1,2024-04-14,16,12.303884
2,1,2024-04-15,7,10.903035
2,1,2024-04-16,9,10.513513
2,1,2024-04-17,2,10.429297
2,1,2024-04-18,3,9.355418
2,1,2024-04-19,7,10.271757
2,1,2024-04-20,24,10.702188
2,1,2024-04-21,9,11.639886
2,1,2024-04-22,14,11.242428
2,1,2024-04-23,14,11.662095
2,1,2024-04-24,8,10.948992
2,1,2024-04-25,10,10.408193
2,1,2024-04-26,15,10.323576
2,1,2024-04-27,7,11.818839
2,1,2024-04-28,13,9.671906
2,1,2024-04-29,10,10.566848
2,1,2024-04-30,4,10.05128
2,1,2024-05-01,11,9.126643
2,1,2024-05-02,3,9.903177
2,1,2024-05-03,3,9.848729
2,1,2024-05-04,13,9.039549
2,1,2024-05-05,15,10.090206
2,1,2024-05-06,0,9.806836
2,1,2024-05-07,5,8.663135
2,1,2024-05-08,6,9.268995
2,1,2024-05-09,5,9.73143
2,1,2024-05-10,10,10.053081
2,1,2024-05-11,10,11.166665
2,1,2024-05-12,12,10.829481
2,1,2024-05-13,8,9.550075
2,1,2024-05-14,9,9.0980425
2,1,2024-05-15,12,10.134236
2,1,2024-05-16,15,10.532459
2,1,2024-05-17,4,11.266674
2,1,2024-05-18,12,11.572832
2,1,2024-05-19,9,11.691174
2,1,2024-05-20,5,11.32586
2,1,2024-05-21,2,11.023899
2,1,2024-05-22,4,10.473493
2,1,2024-05-23,1,9.9305725
2,1,2024-05-24,8,9.39647
2,1,2024-05-25,23,10.029061
2,1,2024-05-26,13,11.002446
2,1,2024-05-27,11,11.013869
2,1,2024-05-28,8,11.101255
2,1,2024-05-29,9,10.912698
2,1,2024-05-30,8,10.321883
2,1,2024-05-31,8,10.321443
2,1,2024-06-01,22,11.373672
2,1,2024-06-02,13,10.737286
2,1,2024-06-03,0,10.016164
2,1,2024-06-04,17,9.006298
2,1,2024-06-05,8,10.227269
2,1,2024-06-06,4,9.962458
2,1,2024-06-07,7,10.34302
2,1,2024-06-08,4,11.327552
2,1,2024-06-09,6,9.527197
2,1,2024-06-10,10,10.390589
2,1,2024-06-11,16,11.553983
2,1,2024-06-12,12,10.851851
2,1,2024-06-13,18,10.439127
2,1,2024-06-14,4,10.516126
2,1,2024-06-15,22,9.199778
2,1,2024-06-16,36,11.826585
2,1,2024-06-17,10,12.662979
2,1,2024-06-18,10,12.703189
2,1,2024-06-19,11,12.711404
2,1,2024-06-20,15,12.559821
2,1,2024-06-21,13,11.779881
2,1,2024-06-22,22,11.885982
2,1,2024-06-23,7,11.57363
2,1,2024-06-24,17,10.471534
2,1,2024-06-25,13,11.116042
2,1,2024-06-26,7,11.818187
2,1,2024-06-27,9,12.225436
2,1,2024-06-28,8,12.344907
2,1,2024-06-29,11,12.040742
2,1,2024-06-30,24,11.607873
2,1,2024-07-01,20,11.99496
2,1,2024-07-02,25,11.179341
2,1,2024-07-03,6,10.959424
2,1,2024-07-04,21,10.52682
2,1,2024-07-05,11,11.279468
2,1,2024-07-06,4,11.519477
2,1,2024-07-07,23,11.730084
2,1,2024-07-08,16,12.732359
2,1,2024-07-09,16,12.605647
2,1,2024-07-10,13,11.436246
2,1,2024-07-11,7,12.33287
2,1,2024-07-12,25,11.291398
2,1,2024-07-13,11,11.738282
2,1,2024-07-14,10,11.944779
2,1,2024-07-15,9,12.026839
2,1,2024-07-16,0,11.962555
2,1,2024-07-17,9,11.490632
2,1,2024-07-18,10,11.581808
2,1,2024-07-19,4,11.517846
2,1,2024-07-20,1,9.424761
2,1,2024-07-21,24,9.003437
2,1,2024-07-22,15,10.196471
2,1,2024-07-23,1,9.589213
2,1,2024-07-24,11,9.47429
2,1,2024-07-25,7,9.972845
2,1,2024-07-26,14,9.415837
2,1,2024-07-27,15,10.394744
2,1,2024-07-28,6,11.667176
2,1,2024-07-29,10,9.813499
2,1,2024-07-30,15,9.156569
2,1,2024-07-31,13,10.023122
2,1,2024-08-01,11,9.825824
2,1,2024-08-02,17,10.562805
2,1,2024-08-03,17,10.580421
2,1,2024-08-04,12,9.924997
2,1,2024-08-05,11,10.447193
2,1,2024-08-06,16,11.190239
2,1,2024-08-07,12,11.098269
2,1,2024-08-08,8,10.886884
2,1,2024-08-09,8,11.385078
2,1,2024-08-10,21,11.01712
2,1,2024-08-11,16,10.935615
2,1,2024-08-12,19,10.941824
2,1,2024-08-13,5,11.581767
2,1,2024-08-14,24,10.162015
2,1,2024-08-15,6,11.099664
2,1,2024-08-16,19,10.929358
2,1,2024-08-17,18,12.240916
2,1,2024-08-18,9,11.976295
2,1,2024-08-19,11,11.504863
2,1,2024-08-20,7,10.566709
2,1,2024-08-21,3,11.630191
2,1,2024-08-22,13,9.753541
2,1,2024-08-23,7,11.612454
2,1,2024-08-24,12,10.580094
2,1,2024-08-25,14,9.690263
2,1,2024-08-26,11,9.8547
2,1,2024-08-27,9,9.372924
2,1,2024-08-28,4,9.195465
2,1,2024-08-29,7,9.653437
2,1,2024-08-30,11,9.398803
2,1,2024-08-31,29,10.30887
2,1,2024-09-01,10,11.434769
2,1,2024-09-02,10,10.20894
2,1,2024-09-03,16,9.761964
2,1,2024-09-04,4,10.410123
2,1,2024-09-05,10,10.354604
2,1,2024-09-06,8,11.743018
2,1,2024-09-07,9,12.162319
2,1,2024-09-08,25,10.345941
2,1,2024-09-09,7,11.5823145
2,1,2024-09-10,15,11.22335
2,1,2024-09-11,13,10.429692
2,1,2024-09-12,15,10.6123905
2,1,2024-09-13,7,10.682349
2,1,2024-09-14,25,10.8269005
2,1,2024-09-15,5,12.238461
2,1,2024-09-16,19,10.360614
2,1,2024-09-17,5,11.8225355
2,1,2024-09-18,9,10.954715
2,1,2024-09-19,5,11.036208
2,1,2024-09-20,8,10.232717
2,1,2024-09-21,19,11.405616
2,1,2024-09-22,7,10.154267
2,1,2024-09-23,9,10.605739
2,1,2024-09-24,9,9.226365
2,1,2024-09-25,8,9.432187
2,1,2024-09-26,10,9.215819
2,1,2024-09-27,10,9.872533
2,1,2024-09-28,20,10.993676
2,1,2024-09-29,12,10.314811
2,1,2024-09-30,0,10.137415
2,1,2024-10-01,10,9.415031
2,1,2024-10-02,15,9.770726
2,1,2024-10-03,12,10.47452
2,1,2024-10-04,9,10.558469
2,1,2024-10-05,12,10.934657
2,1,2024-10-06,10,9.982451
2,1,2024-10-07,2,9.172566
2,1,2024-10-08,8,9.515432
2,1,2024-10-09,19,10.310336
2,1,2024-10-10,0,10.352351
2,1,2024-10-11,3,9.158326
2,1,2024-10-12,15,9.516943
2,1,2024-10-13,14,9.838446
2,1,2024-10-14,3,9.532756
2,1,2024-10-15,14,9.478309
2,1,2024-10-16,7,10.512905
2,1,2024-10-17,9,8.9090805
2,1,2024-10-18,14,9.316054
2,1,2024-10-19,15,10.699494
2,1,2024-10-20,13,10.197604
2,1,2024-10-21,16,9.493459
2,1,2024-10-22,11,10.358136
2,1,2024-10-23,7,9.524327
2,1,2024-10-24,6,9.933647
2,1,2024-10-25,8,10.833005
2,1,2024-10-26,9,10.901259
2,1,2024-10-27,9,10.492152
2,1,2024-10-28,5,10.348041
2,1,2024-10-29,8,9.326274
2,1,2024-10-30,0,9.153023
2,1,2024-10-31,14,8.635985
2,1,2024-11-01,6,9.612069
2,1,2024-11-02,10,9.27741
2,1,2024-11-03,10,9.442814
2,1,2024-11-04,1,9.279552
2,1,2024-11-05,10,8.833269
2,1,2024-11-06,16,9.225395
2,1,2024-11-07,17,10.969033
2,1,2024-11-08,9,10.342107
2,1,2024-11-09,4,10.179057
2,1,2024-11-10,14,9.624108
2,1,2024-11-11,11,9.711749
2,1,2024-11-12,13,10.978793
2,1,2024-11-13,5,11.59314
2,1,2024-11-14,5,10.848552
2,1,2024-11-15,11,9.870574
2,1,2024-11-16,22,10.045011
2,1,2024-11-17,10,11.17721
2,1,2024-11-18,12,10.276517
2,1,2024-11-19,16,10.988687
2,1,2024-11-20,15,10.359979
2,1,2024-11-21,0,10.544887
2,1,2024-11-22,7,11.218845
2,1,2024-11-23,21,12.009255
2,1,2024-11-24,14,11.381514
2,1,2024-11-25,7,11.8700285
2,1,2024-11-26,12,11.64466
2,1,2024-11-27,18,11.495197
2,1,2024-11-28,3,11.167907
2,1,2024-11-29,7,11.118524
2,1,2024-11-30,19,11.493962
2,1,2024-12-01,8,10.941023
2,1,2024-12-02,2,9.790533
2,1,2024-12-03,6,10.168445
2,1,2024-12-04,9,10.3521185
2,1,2024-12-05,8,9.222402
2,1,2024-12-06,5,9.733454
2,1,2024-12-07,7,10.281816
2,1,2024-12-08,7,9.149028
2,1,2024-12-09,6,8.919232
2,1,2024-12-10,2,9.042054
2,1,2024-12-11,8,8.935924
2,1,2024-12-12,7,9.1801195
2,1,2024-12-13,11,9.025949
2,1,2024-12-14,6,9.404933
2,1,2024-12-15,7,9.099986
2,1,2024-12-16,9,9.04296
2,1,2024-12-17,2,9.055284
2,1,2024-12-18,0,8.89334
2,1,2024-12-19,4,8.742106
2,1,2024-12-20,5,9.580676
2,1,2024-12-21,8,9.244214
2,1,2024-12-22,16,9.539855
2,1,2024-12-23,7,10.150645
2,1,2024-12-24,6,9.221695
2,1,2024-12-25,15,8.9556
2,1,2024-12-26,10,9.424977
2,1,2024-12-27,4,9.295153
2,1,2024-12-28,7,9.437688
2,1,2024-12-29,8,10.169847
2,1,2024-12-30,5,9.231168
2,1,2024-12-31,5,9.148908
2,2,2024-01-01,5,8.7937765
2,2,2024-01-02,3,9.186408
2,2,2024-01-03,4,8.565027
2,2,2024-01-04,10,8.925833
2,2,2024-01-05,6,9.380992
2,2,2024-01-06,9,9.749791
2,2,2024-01-07,11,9.026313
2,2,2024-01-08,3,9.23117
2,2,2024-01-09,3,8.665954
2,2,2024-01-10,4,8.749435
2,2,2024-01-11,6,9.15948
2,2,2024-01-12,4,9.047984
2,2,2024-01-13,17,9.1963625
2,2,2024-01-14,9,9.979293
2,2,2024-01-15,3,9.115211
2,2,2024-01-16,13,8.69775
2,2,2024-01-17,8,9.345033
2,2,2024-01-18,7,9.206708
2,2,2024-01-19,11,9.319722
2,2,2024-01-20,0,10.550742
2,2,2024-01-21,11,8.851592
2,2,2024-01-22,9,9.290867
2,2,2024-01-23,5,9.865172
2,2,2024-01-24,10,9.064574
2,2,2024-01-25,4,9.382152
2,2,2024-01-26,3,9.184908
2,2,2024-01-27,10,8.632805
2,2,2024-01-28,11,10.175044
2,2,2024-01-29,5,9.904796
2,2,2024-01-30,10,9.228784
2,2,2024-01-31,3,9.884915
2,2,2024-02-01,8,8.977283
2,2,2024-02-02,12,9.454825
2,2,2024-02-03,11,10.257648
2,2,2024-02-04,13,10.1877365
2,2,2024-02-05,4,9.773854
2,2,2024-02-06,8,9.910503
2,2,2024-02-07,6,9.584024
2,2,2024-02-08,9,10.065489
2,2,2024-02-09,12,10.496814
2,2,2024-02-10,10,10.432944
2,2,2024-02-11,5,9.902793
2,2,2024-02-12,13,8.922229
2,2,2024-02-13,6,9.662255
2,2,2024-02-14,11,9.109516
2,2,2024-02-15,5,9.768184
2,2,2024-02-16,4,9.705388
2,2,2024-02-17,13,9.171275
2,2,2024-02-18,7,9.487872
2,2,2024-02-19,9,9.697761
2,2,2024-02-20,11,9.246556
2,2,2024-02-21,9,9.625718
2,2,2024-02-22,3,9.127167
2,2,2024-02-23,3,8.831866
2,2,2024-02-24,17,9.408011
2,2,2024-02-25,8,9.733264
2,2,2024-02-26,9,9.487459
2,2,2024-02-27,7,9.664253
2,2,2024-02-28,15,9.254784
2,2,2024-02-29,10,9.432317
2,2,2024-03-01,10,9.3990755
2,2,2024-03-02,15,10.506999
2,2,2024-03-03,5,9.717864
2,2,2024-03-04,16,9.252912
2,2,2024-03-05,7,9.929811
2,2,2024-03-06,6,10.375873
2,2,2024-03-07,13,9.57887
2,2,2024-03-08,8,10.108122
2,2,2024-03-09,9,10.233123
2,2,2024-03-10,4,9.422269
2,2,2024-03-11,9,9.940772
2,2,2024-03-12,12,9.219384
2,2,2024-03-13,2,9.491695
2,2,2024-03-14,5,9.464313
2,2,2024-03-15,3,9.030011
2,2,2024-03-16,16,8.908144
2,2,2024-03-17,4,9.537048
2,2,2024-03-18,1,9.287861
2,2,2024-03-19,8,9.046201
2,2,2024-03-20,9,8.913719
2,2,2024-03-21,10,9.158887
2,2,2024-03-22,9,10.153739
2,2,2024-03-23,19,10.870643
2,2,2024-03-24,0,10.337485
2,2,2024-03-25,10,9.310956
2,2,2024-03-26,5,10.396836
2,2,2024-03-27,13,9.910853
2,2,2024-03-28,13,11.274816
2,2,2024-03-29,7,11.266157
2,2,2024-03-30,13,10.767152
2,2,2024-03-31,0,9.8921385
2,2,2024-04-01,10,9.762151
2,2,2024-04-02,8,9.954549
2,2,2024-04-03,6,10.682548
2,2,2024-04-04,9,10.253915
2,2,2024-04-05,5,9.834736
2,2,2024-04-06,10,9.511962
2,2,2024-04-07,8,9.111661
2,2,2024-04-08,15,9.927049
2,2,2024-04-09,8,10.034696
2,2,2024-04-10,13,9.518935
2,2,2024-04-11,0,9.8833885
2,2,2024-04-12,6,8.616986
2,2,2024-04-13,7,10.640953
2,2,2024-04-14,6,10.766543
2,2,2024-04-15,4,11.354199
2,2,2024-04-16,0,9.854566
2,2,2024-04-17,10,9.387996
2,2,2024-04-18,2,8.375369
2,2,2024-04-19,6,9.155879
2,2,2024-04-20,12,9.390023
2,2,2024-04-21,3,10.069533
2,2,2024-04-22,15,9.909132
2,2,2024-04-23,17,10.511367
2,2,2024-04-24,12,11.094155
2,2,2024-04-25,9,9.756686
2,2,2024-04-26,9,9.312632
2,2,2024-04-27,8,9.790907
2,2,2024-04-28,23,9.3561945
2,2,2024-04-29,16,11.716035
2,2,2024-04-30,8,11.412071
2,2,2024-05-01,10,10.122111
2,2,2024-05-02,11,9.786868
2,2,2024-05-03,7,10.1132345
2,2,2024-05-04,6,10.421586
2,2,2024-05-05,13,11.42402
2,2,2024-05-06,6,10.539837
2,2,2024-05-07,12,9.23815
2,2,2024-05-08,24,9.757272
2,2,2024-05-09,7,11.058187
2,2,2024-05-10,10,10.083483
2,2,2024-05-11,16,10.299239
2,2,2024-05-12,13,11.375314
2,2,2024-05-13,6,10.824489
2,2,2024-05-14,9,11.5746565
2,2,2024-05-15,4,11.671384
2,2,2024-05-16,12,10.570016
2,2,2024-05-17,9,11.207014
2,2,2024-05-18,12,11.920665
2,2,2024-05-19,0,11.240893
2,2,2024-05-20,17,10.140225
2,2,2024-05-21,11,10.981723
2,2,2024-05-22,9,10.275048
2,2,2024-05-23,8,10.465505
2,2,2024-05-24,5,10.394826
2,2,2024-05-25,20,10.572908
2,2,2024-05-26,17,11.357751
2,2,2024-05-27,16,12.059352
2,2,2024-05-28,12,12.017269
2,2,2024-05-29,7,11.761029
2,2,2024-05-30,0,11.095253
2,2,2024-05-31,8,9.894528
2,2,2024-06-01,7,11.645163
2,2,2024-06-02,29,11.041465
2,2,2024-06-03,9,11.629032
2,2,2024-06-04,15,10.087171
2,2,2024-06-05,11,9.73771
2,2,2024-06-06,15,9.361384
2,2,2024-06-07,4,10.180676
2,2,2024-06-08,17,10.35611
2,2,2024-06-09,18,12.111974
2,2,2024-06-10,14,11.116073
2,2,2024-06-11,4,11.84249
2,2,2024-06-12,14,11.075652
2,2,2024-06-13,17,11.643714
2,2,2024-06-14,12,10.92883
2,2,2024-06-15,7,11.732545
2,2,2024-06-16,8,11.784727
2,2,2024-06-17,7,12.500712
2,2,2024-06-18,18,12.150525
2,2,2024-06-19,15,12.693814
2,2,2024-06-20,7,12.373517
2,2,2024-06-21,7,10.829774
2,2,2024-06-22,12,9.575761
2,2,2024-06-23,10,10.365735
2,2,2024-06-24,4,10.587951
2,2,2024-06-25,11,10.745326
2,2,2024-06-26,15,11.208346
2,2,2024-06-27,12,11.881314
2,2,2024-06-28,9,11.917563
2,2,2024-06-29,8,11.621126
2,2,2024-06-30,0,10.803778
2,2,2024-07-01,17,8.892433
2,2,2024-07-02,7,11.007756
2,2,2024-07-03,9,10.793414
2,2,2024-07-04,18,10.263442
2,2,2024-07-05,16,10.070909
2,2,2024-07-06,12,9.921256
2,2,2024-07-07,18,9.575928
2,2,2024-07-08,24,11.810942
2,2,2024-07-09,12,11.093116
2,2,2024-07-10,7,11.723089
2,2,2024-07-11,7,12.169156
2,2,2024-07-12,12,11.854727
2,2,2024-07-13,15,11.554561
2,2,2024-07-14,16,12.120472
2,2,2024-07-15,9,12.058335
2,2,2024-07-16,12,11.6698885
2,2,2024-07-17,1,11.505877
2,2,2024-07-18,12,10.711074
2,2,2024-07-19,11,10.685112
2,2,2024-07-20,24,10.88114
2,2,2024-07-21,31,11.355231
2,2,2024-07-22,11,11.186194
2,2,2024-07-23,17,10.710229
2,2,2024-07-24,8,10.594205
2,2,2024-07-25,11,11.162846
2,2,2024-07-26,8,11.624553
2,2,2024-07-27,11,12.008534
2,2,2024-07-28,11,11.942251
2,2,2024-07-29,6,10.174611
2,2,2024-07-30,3,10.256742
2,2,2024-07-31,6,9.006271
2,2,2024-08-01,18,9.408561
2,2,2024-08-02,9,9.938428
2,2,2024-08-03,13,9.742555
2,2,2024-08-04,8,9.770974
2,2,2024-08-05,10,9.105958
2,2,2024-08-06,12,9.177801
2,2,2024-08-07,15,9.799409
2,2,2024-08-08,9,11.086088
2,2,2024-08-09,15,9.637059
2,2,2024-08-10,17,10.215964
2,2,2024-08-11,21,9.890648
2,2,2024-08-12,9,10.815828
2,2,2024-08-13,24,10.863812
2,2,2024-08-14,11,11.830079
2,2,2024-08-15,18,10.96358
2,2,2024-08-16,15,11.903859
2,2,2024-08-17,7,11.911748
2,2,2024-08-18,21,11.606591
2,2,2024-08-19,12,11.537961
2,2,2024-08-20,18,11.925672
2,2,2024-08-21,6,11.418342
2,2,2024-08-22,24,11.467146
2,2,2024-08-23,15,11.801747
2,2,2024-08-24,22,11.161556
2,2,2024-08-25,18,12.199903
2,2,2024-08-26,29,11.653459
2,2,2024-08-27,6,12.219172
2,2,2024-08-28,11,11.019539
2,2,2024-08-29,7,11.983678
2,2,2024-08-30,9,11.640789
2,2,2024-08-31,4,11.900208
2,2,2024-09-01,21,11.487856
2,2,2024-09-02,13,12.034207
2,2,2024-09-03,7,9.645999
2,2,2024-09-04,17,10.178657
2,2,2024-09-05,4,10.33481
2,2,2024-09-06,16,9.855718
2,2,2024-09-07,9,10.744269
2,2,2024-09-08,17,11.916215
2,2,2024-09-09,4,11.209041
2,2,2024-09-10,9,10.360383
2,2,2024-09-11,23,11.315768
2,2,2024-09-12,8,10.836794
2,2,2024-09-13,6,11.29885
2,2,2024-09-14,10,10.565847
2,2,2024-09-15,13,10.967111
2,2,2024-09-16,10,9.935418
2,2,2024-09-17,11,10.46969
2,2,2024-09-18,18,11.072658
2,2,2024-09-19,16,9.82931
2,2,2024-09-20,9,9.7214155
2,2,2024-09-21,12,9.950865
2,2,2024-09-22,5,10.49508
2,2,2024-09-23,10,9.926961
2,2,2024-09-24,9,10.687125
2,2,2024-09-25,4,11.231313
2,2,2024-09-26,6,10.221955
2,2,2024-09-27,4,9.369376
2,2,2024-09-28,6,9.6745615
2,2,2024-09-29,6,9.255323
2,2,2024-09-30,5,9.716207
2,2,2024-10-01,12,9.384145
2,2,2024-10-02,4,9.250305
2,2,2024-10-03,2,8.879724
2,2,2024-10-04,4,8.666839
2,2,2024-10-05,9,8.923743
2,2,2024-10-06,7,9.231785
2,2,2024-10-07,12,9.161566
2,2,2024-10-08,8,9.734788
2,2,2024-10-09,9,8.988033
2,2,2024-10-10,9,8.988299
2,2,2024-10-11,1,9.127199
2,2,2024-10-12,11,8.927717
2,2,2024-10-13,2,9.447932
2,2,2024-10-14,9,9.31606
2,2,2024-10-15,13,9.340936
2,2,2024-10-16,11,9.702962
2,2,2024-10-17,6,9.490428
2,2,2024-10-18,1,8.907416
2,2,2024-10-19,13,9.001091
2,2,2024-10-20,16,9.277698
2,2,2024-10-21,9,9.990298
2,2,2024-10-22,13,10.002815
2,2,2024-10-23,7,9.771412
2,2,2024-10-24,3,9.064676
2,2,2024-10-25,1,8.82867
2,2,2024-10-26,11,10.028146
2,2,2024-10-27,5,10.641778
2,2,2024-10-28,4,9.397975
2,2,2024-10-29,3,9.536502
2,2,2024-10-30,9,8.821221
2,2,2024-10-31,15,9.024942
2,2,2024-11-01,10,9.446832
2,2,2024-11-02,5,9.621575
2,2,2024-11-03,4,8.844905
2,2,2024-11-04,16,8.69945
2,2,2024-11-05,5,9.530997
2,2,2024-11-06,3,9.602468
2,2,2024-11-07,13,10.531116
2,2,2024-11-08,13,10.1809435
2,2,2024-11-09,20,9.852782
2,2,2024-11-10,25,10.537608
2,2,2024-11-11,8,11.844862
2,2,2024-11-12,16,9.726523
2,2,2024-11-13,18,10.827125
2,2,2024-11-14,13,11.980661
2,2,2024-11-15,10,11.843636
2,2,2024-11-16,16,11.956874
2,2,2024-11-17,11,11.866956
2,2,2024-11-18,21,9.996322
2,2,2024-11-19,12,12.111841
2,2,2024-11-20,8,11.840821
2,2,2024-11-21,0,11.009158
2,2,2024-11-22,7,10.568088
2,2,2024-11-23,8,11.652102
2,2,2024-11-24,1,10.887378
2,2,2024-11-25,8,10.938049
2,2,2024-11-26,5,10.528056
2,2,2024-11-27,6,9.870566
2,2,2024-11-28,0,9.324833
2,2,2024-11-29,11,9.395869
2,2,2024-11-30,17,9.373461
2,2,2024-12-01,0,9.561574
2,2,2024-12-02,4,8.8095045
2,2,2024-12-03,7,8.796067
2,2,2024-12-04,3,9.060424
2,2,2024-12-05,9,8.899734
2,2,2024-12-06,10,10.096925
2,2,2024-12-07,9,10.0958395
2,2,2024-12-08,3,8.983977
2,2,2024-12-09,10,8.719089
2,2,2024-12-10,6,9.236934
2,2,2024-12-11,2,8.904942
2,2,2024-12-12,5,9.026704
2,2,2024-12-13,4,9.26415
2,2,2024-12-14,1,8.999667
2,2,2024-12-15,7,8.546594
2,2,2024-12-16,5,9.296233
2,2,2024-12-17,6,8.925458
2,2,2024-12-18,8,8.839646
2,2,2024-12-19,6,9.050433
2,2,2024-12-20,7,9.175499
2,2,2024-12-21,7,9.131021
2,2,2024-12-22,8,9.360206
2,2,2024-12-23,3,9.292965
2,2,2024-12-24,14,9.028936
2,2,2024-12-25,7,9.890773
2,2,2024-12-26,3,9.135865
2,2,2024-12-27,5,8.906471
2,2,2024-12-28,12,9.003306
2,2,2024-12-29,9,9.513389
2,2,2024-12-30,1,9.212177
2,2,2024-12-31,0,9.513285
2,3,2024-01-01,1,9.218211
2,3,2024-01-02,1,8.5319395
2,3,2024-01-03,5,8.796296
2,3,2024-01-04,6,9.194105
2,3,2024-01-05,7,8.977292
2,3,2024-01-06,0,8.9504175
2,3,2024-01-07,10,8.98964
2,3,2024-01-08,4,8.979939
2,3,2024-01-09,3,8.669663
2,3,2024-01-10,6,8.688968
2,3,2024-01-11,6,8.931178
2,3,2024-01-12,10,8.988652
2,3,2024-01-13,1,9.042617
2,3,2024-01-14,18,8.883602
2,3,2024-01-15,8,9.5682745
2,3,2024-01-16,11,9.012074
2,3,2024-01-17,9,9.295584
2,3,2024-01-18,12,9.227941
2,3,2024-01-19,0,9.611436
2,3,2024-01-20,16,8.75376
2,3,2024-01-21,5,10.954085
2,3,2024-01-22,6,9.211918
2,3,2024-01-23,5,9.52864
2,3,2024-01-24,3,9.32502
2,3,2024-01-25,2,9.351104
2,3,2024-01-26,6,8.762134
2,3,2024-01-27,12,9.925774
2,3,2024-01-28,0,9.853246
2,3,2024-01-29,0,8.927154
2,3,2024-01-30,7,8.829844
2,3,2024-01-31,9,9.322783
2,3,2024-02-01,9,9.449933
2,3,2024-02-02,5,9.88374
2,3,2024-02-03,15,9.835958
2,3,2024-02-04,20,9.24741
2,3,2024-02-05,4,9.739554
2,3,2024-02-06,9,9.713376
2,3,2024-02-07,17,10.209113
2,3,2024-02-08,0,10.634566
2,3,2024-02-09,8,9.661727
2,3,2024-02-10,17,11.427895
2,3,2024-02-11,6,11.285965
2,3,2024-02-12,5,9.12975
2,3,2024-02-13,3,9.718116
2,3,2024-02-14,7,10.012628
2,3,2024-02-15,7,8.89224
2,3,2024-02-16,6,9.584406
2,3,2024-02-17,11,10.076178
2,3,2024-02-18,2,9.244845
2,3,2024-02-19,12,8.643143
2,3,2024-02-20,11,9.208101
2,3,2024-02-21,11,9.33783
2,3,2024-02-22,1,9.304441
2,3,2024-02-23,6,8.727115
2,3,2024-02-24,13,9.276979
2,3,2024-02-25,3,9.367152
2,3,2024-02-26,7,9.597894
2,3,2024-02-27,6,9.535144
2,3,2024-02-28,4,9.254381
2,3,2024-02-29,5,8.651404
2,3,2024-03-01,10,9.069444
2,3,2024-03-02,13,9.729743
2,3,2024-03-03,12,9.264327
2,3,2024-03-04,8,9.372066
2,3,2024-03-05,5,9.018699
2,3,2024-03-06,10,8.735658
2,3,2024-03-07,13,9.196032
2,3,2024-03-08,18,9.9388485
2,3,2024-03-09,10,10.487264
2,3,2024-03-10,18,9.776225
2,3,2024-03-11,0,9.7504635
2,3,2024-03-12,0,8.71532
2,3,2024-03-13,11,9.798614
2,3,2024-03-14,0,11.057832
2,3,2024-03-15,4,10.789935
2,3,2024-03-16,2,9.823219
2,3,2024-03-17,15,9.811367
2,3,2024-03-18,2,9.376548
2,3,2024-03-19,5,8.7093115
2,3,2024-03-20,11,9.214526
2,3,2024-03-21,7,9.072435
2,3,2024-03-22,13,9.748204
2,3,2024-03-23,19,10.169948
2,3,2024-03-24,22,11.163116
2,3,2024-03-25,10,10.368583
2,3,2024-03-26,17,10.081817
2,3,2024-03-27,15,11.012428
2,3,2024-03-28,7,11.639932
2,3,2024-03-29,5,11.612899
2,3,2024-03-30,15,11.571717
2,3,2024-03-31,18,11.733175
2,3,2024-04-01,2,11.372765
2,3,2024-04-02,9,11.310281
2,3,2024-04-03,12,10.716877
2,3,2024-04-04,7,9.905865
2,3,2024-04-05,0,10.042233
2,3,2024-04-06,10,10.451808
2,3,2024-04-07,8,10.542171
2,3,2024-04-08,9,9.197161
2,3,2024-04-09,12,9.927277
2,3,2024-04-10,6,10.197543
2,3,2024-04-11,8,9.208495
2,3,2024-04-12,4,8.917731
2,3,2024-04-13,9,10.45817
2,3,2024-04-14,11,10.640032
2,3,2024-04-15,6,10.822679
2,3,2024-04-16,13,10.553275
2,3,2024-04-17,6,9.688556
2,3,2024-04-18,8,8.998755
2,3,2024-04-19,2,9.679793
2,3,2024-04-20,9,10.029309
2,3,2024-04-21,10,10.683864
2,3,2024-04-22,13,10.738439
2,3,2024-04-23,7,11.088601
2,3,2024-04-24,22,10.232689
2,3,2024-04-25,11,10.617167
2,3,2024-04-26,5,9.187886
2,3,2024-04-27,11,9.388091
2,3,2024-04-28,17,10.074515
2,3,2024-04-29,11,10.675513
2,3,2024-04-30,13,10.115556
2,3,2024-05-01,16,11.321925
2,3,2024-05-02,2,9.926917
2,3,2024-05-03,8,8.876862
2,3,2024-05-04,11,10.365697
2,3,2024-05-05,0,11.081937
2,3,2024-05-06,13,9.692327
2,3,2024-05-07,7,10.509454
2,3,2024-05-08,5,9.909584
2,3,2024-05-09,4,9.497025
2,3,2024-05-10,6,9.930334
2,3,2024-05-11,13,10.27638
2,3,2024-05-12,21,10.0907135
2,3,2024-05-13,10,11.2172165
2,3,2024-05-14,6,9.922945
2,3,2024-05-15,12,9.828566
2,3,2024-05-16,13,10.643336
2,3,2024-05-17,4,11.075946
2,3,2024-05-18,6,12.009673
2,3,2024-05-19,6,11.950208
2,3,2024-05-20,0,10.749665
2,3,2024-05-21,10,10.100684
2,3,2024-05-22,1,10.505135
2,3,2024-05-23,11,9.175078
2,3,2024-05-24,11,9.115617
2,3,2024-05-25,7,9.689834
2,3,2024-05-26,10,10.126756
2,3,2024-05-27,3,10.24702
2,3,2024-05-28,8,10.826555
2,3,2024-05-29,0,10.34957
2,3,2024-05-30,2,10.270403
2,3,2024-05-31,3,9.11737
2,3,2024-06-01,16,8.90186
2,3,2024-06-02,18,9.8006
2,3,2024-06-03,9,9.634255
2,3,2024-06-04,22,9.306275
2,3,2024-06-05,5,9.74928
2,3,2024-06-06,7,8.879634
2,3,2024-06-07,6,9.597838
2,3,2024-06-08,21,11.253552
2,3,2024-06-09,3,11.75381
2,3,2024-06-10,18,11.181319
2,3,2024-06-11,5,12.343104
2,3,2024-06-12,4,10.248225
2,3,2024-06-13,17,10.315588
2,3,2024-06-14,10,11.006568
2,3,2024-06-15,7,11.51191
2,3,2024-06-16,38,11.083908
2,3,2024-06-17,15,12.907002
2,3,2024-06-18,17,12.469291
2,3,2024-06-19,17,12.573752
2,3,2024-06-20,7,12.628742
2,3,2024-06-21,18,11.63845
2,3,2024-06-22,19,11.990644
2,3,2024-06-23,9,11.896216
2,3,2024-06-24,21,11.53052
2,3,2024-06-25,3,11.994111
2,3,2024-06-26,7,11.609681
2,3,2024-06-27,1,12.093053
2,3,2024-06-28,16,11.922149
2,3,2024-06-29,22,12.300617
2,3,2024-06-30,3,12.192435
2,3,2024-07-01,12,11.1969385
2,3,2024-07-02,5,9.618116
2,3,2024-07-03,9,9.547587
2,3,2024-07-04,17,9.878359
2,3,2024-07-05,3,11.399402
2,3,2024-07-06,12,10.721603
2,3,2024-07-07,30,9.362626
2,3,2024-07-08,13,11.620347
2,3,2024-07-09,15,10.82146
2,3,2024-07-10,11,11.516168
2,3,2024-07-11,10,11.990577
2,3,2024-07-12,14,10.851209
2,3,2024-07-13,12,11.671837
2,3,2024-07-14,3,11.9341
2,3,2024-07-15,0,11.555268
2,3,2024-07-16,12,11.335782
2,3,2024-07-17,8,11.5533085
2,3,2024-07-18,23,10.925935
2,3,2024-07-19,10,10.97075
2,3,2024-07-20,12,9.796973
2,3,2024-07-21,7,9.250365
2,3,2024-07-22,8,9.035657
2,3,2024-07-23,9,10.222329
2,3,2024-07-24,9,10.236898
2,3,2024-07-25,6,11.308692
2,3,2024-07-26,6,9.440928
2,3,2024-07-27,13,9.528102
2,3,2024-07-28,18,9.48176
2,3,2024-07-29,15,9.874764
2,3,2024-07-30,13,9.782168
2,3,2024-07-31,20,9.596252
2,3,2024-08-01,9,9.874511
2,3,2024-08-02,13,9.760001
2,3,2024-08-03,6,11.26516
2,3,2024-08-04,21,11.387233
2,3,2024-08-05,5,11.664348
2,3,2024-08-06,15,10.958282
2,3,2024-08-07,9,11.644885
2,3,2024-08-08,3,9.927642
2,3,2024-08-09,7,9.92135
2,3,2024-08-10,11,9.6334915
2,3,2024-08-11,17,11.00026
2,3,2024-08-12,8,9.800482
2,3,2024-08-13,10,10.137004
2,3,2024-08-14,8,9.363526
2,3,2024-08-15,9,8.995469
2,3,2024-08-16,8,9.464359
2,3,2024-08-17,16,10.115155
2,3,2024-08-18,12,10.784835
2,3,2024-08-19,15,9.5618515
2,3,2024-08-20,11,9.841289
2,3,2024-08-21,6,9.458498
2,3,2024-08-22,14,9.269372
2,3,2024-08-23,17,9.922698
2,3,2024-08-24,18,11.184926
2,3,2024-08-25,12,10.759892
2,3,2024-08-26,8,10.735761
2,3,2024-08-27,21,9.767786
2,3,2024-08-28,13,10.66252
2,3,2024-08-29,15,11.478028
2,3,2024-08-30,8,11.736784
2,3,2024-08-31,1,11.200833
2,3,2024-09-01,7,9.837846
2,3,2024-09-02,17,10.14437
2,3,2024-09-03,12,11.807955
2,3,2024-09-04,7,11.058654
2,3,2024-09-05,18,10.487632
2,3,2024-09-06,11,10.200886
2,3,2024-09-07,7,9.473517
2,3,2024-09-08,13,10.0775
2,3,2024-09-09,10,11.649255
2,3,2024-09-10,8,10.689374
2,3,2024-09-11,15,10.307263
2,3,2024-09-12,13,11.067374
2,3,2024-09-13,14,10.235162
2,3,2024-09-14,17,9.988258
2,3,2024-09-15,19,10.708501
2,3,2024-09-16,7,10.506916
2,3,2024-09-17,16,9.9744005
2,3,2024-09-18,10,11.438357
2,3,2024-09-19,4,11.01627
2,3,2024-09-20,7,10.943325
2,3,2024-09-21,12,11.215926
2,3,2024-09-22,18,11.064139
2,3,2024-09-23,6,10.105195
2,3,2024-09-24,11,10.289647
2,3,2024-09-25,11,9.553502
2,3,2024-09-26,11,9.223683
2,3,2024-09-27,7,9.63906
2,3,2024-09-28,8,10.579518
2,3,2024-09-29,8,10.841243
2,3,2024-09-30,12,9.512004
2,3,2024-10-01,8,10.394954
2,3,2024-10-02,14,9.79802
2,3,2024-10-03,9,9.94275
2,3,2024-10-04,15,9.383501
2,3,2024-10-05,17,9.783405
2,3,2024-10-06,7,9.953453
2,3,2024-10-07,2,9.819558
2,3,2024-10-08,9,9.190668
2,3,2024-10-09,5,10.588197
2,3,2024-10-10,10,9.956643
2,3,2024-10-11,3,10.740698
2,3,2024-10-12,4,9.942849
2,3,2024-10-13,13,8.808314
2,3,2024-10-14,7,9.259618
2,3,2024-10-15,8,9.263238
2,3,2024-10-16,20,9.081649
2,3,2024-10-17,14,10.048108
2,3,2024-10-18,11,9.402875
2,3,2024-10-19,5,9.416251
2,3,2024-10-20,9,9.841546
2,3,2024-10-21,9,9.485326
2,3,2024-10-22,5,10.202025
2,3,2024-10-23,3,11.124278
2,3,2024-10-24,0,9.82791
2,3,2024-10-25,15,8.967534
2,3,2024-10-26,0,9.517064
2,3,2024-10-27,14,8.970356
2,3,2024-10-28,4,9.6271105
2,3,2024-10-29,15,8.830555
2,3,2024-10-30,15,9.426413
2,3,2024-10-31,4,9.5420065
2,3,2024-11-01,3,9.724694
2,3,2024-11-02,0,8.702647
2,3,2024-11-03,3,9.518548
2,3,2024-11-04,4,9.077518
2,3,2024-11-05,22,10.34726
2,3,2024-11-06,14,10.73632
2,3,2024-11-07,12,10.0596075
2,3,2024-11-08,12,9.734072
2,3,2024-11-09,22,9.556952
2,3,2024-11-10,9,10.43072
2,3,2024-11-11,5,10.512123
2,3,2024-11-12,5,11.824717
2,3,2024-11-13,12,10.882998
2,3,2024-11-14,14,11.063731
2,3,2024-11-15,5,11.265971
2,3,2024-11-16,25,11.015119
2,3,2024-11-17,13,10.357877
2,3,2024-11-18,10,9.577338
2,3,2024-11-19,11,10.332762
2,3,2024-11-20,11,11.284562
2,3,2024-11-21,16,11.340774
2,3,2024-11-22,5,11.026015
2,3,2024-11-23,26,11.822533
2,3,2024-11-24,19,11.438113
2,3,2024-11-25,8,11.750308
2,3,2024-11-26,12,11.460546
2,3,2024-11-27,9,11.70316
2,3,2024-11-28,2,11.566182
2,3,2024-11-29,11,11.065089
2,3,2024-11-30,13,11.91645
2,3,2024-12-01,7,11.031682
2,3,2024-12-02,8,9.375824
2,3,2024-12-03,3,9.706584
2,3,2024-12-04,6,8.963129
2,3,2024-12-05,6,8.898812
2,3,2024-12-06,4,9.635629
2,3,2024-12-07,3,9.4443
2,3,2024-12-08,11,8.798009
2,3,2024-12-09,7,9.338719
2,3,2024-12-10,8,8.956415
2,3,2024-12-11,3,9.090447
2,3,2024-12-12,14,8.735734
2,3,2024-12-13,0,9.352009
2,3,2024-12-14,4,8.590171
2,3,2024-12-15,13,9.279748
2,3,2024-12-16,5,9.485261
2,3,2024-12-17,10,9.044585
2,3,2024-12-18,5,9.19316
2,3,2024-12-19,3,9.499081
2,3,2024-12-20,9,8.784928
2,3,2024-12-21,6,9.418513
2,3,2024-12-22,11,9.846082
2,3,2024-12-23,6,9.467515
2,3,2024-12-24,1,9.524601
2,3,2024-12-25,9,8.749841
2,3,2024-12-26,5,9.018113
2,3,2024-12-27,1,9.218044
2,3,2024-12-28,5,8.731423
2,3,2024-12-29,5,9.381402
2,3,2024-12-30,0,8.88705
2,3,2024-12-31,4,8.414611
3,1,2024-01-01,6,9.3945875
3,1,2024-01-02,10,8.927138
3,1,2024-01-03,10,9.508925
3,1,2024-01-04,5,9.275664
3,1,2024-01-05,9,9.1395855
3,1,2024-01-06,9,9.760776
3,1,2024-01-07,0,9.763206
3,1,2024-01-08,1,8.671727
3,1,2024-01-09,4,8.968291
3,1,2024-01-10,6,9.079218
3,1,2024-01-11,9,8.977032
3,1,2024-01-12,5,9.401514
3,1,2024-01-13,9,9.085656
3,1,2024-01-14,7,8.959575
3,1,2024-01-15,6,8.868749
3,1,2024-01-16,9,8.88815
3,1,2024-01-17,2,9.185948
3,1,2024-01-18,7,8.8930645
3,1,2024-01-19,1,8.990298
3,1,2024-01-20,20,8.837009
3,1,2024-01-21,9,9.875715
3,1,2024-01-22,1,9.283045
3,1,2024-01-23,7,8.881019
3,1,2024-01-24,4,8.923184
3,1,2024-01-25,7,8.985496
3,1,2024-01-26,3,9.311654
3,1,2024-01-27,16,10.267249
3,1,2024-01-28,3,10.310878
3,1,2024-01-29,1,9.04718
3,1,2024-01-30,6,9.030871
3,1,2024-01-31,6,9.281356
3,1,2024-02-01,7,9.526008
3,1,2024-02-02,1,9.7148695
3,1,2024-02-03,7,9.939292
3,1,2024-02-04,4,8.703441
3,1,2024-02-05,2,8.747737
3,1,2024-02-06,11,9.286836
3,1,2024-02-07,10,9.9078245
3,1,2024-02-08,9,9.842793
3,1,2024-02-09,2,9.287621
3,1,2024-02-10,0,8.961929
3,1,2024-02-11,1,8.394975
3,1,2024-02-12,4,8.555366
3,1,2024-02-13,5,9.503711
3,1,2024-02-14,9,9.396143
3,1,2024-02-15,7,9.445555
3,1,2024-02-16,2,8.945909
3,1,2024-02-17,21,8.548731
3,1,2024-02-18,1,9.739089
3,1,2024-02-19,3,8.637331
3,1,2024-02-20,9,8.768702
3,1,2024-02-21,9,9.464303
3,1,2024-02-22,6,9.380601
3,1,2024-02-23,5,9.305706
3,1,2024-02-24,5,10.072895
3,1,2024-02-25,11,8.687753
3,1,2024-02-26,5,9.185035
3,1,2024-02-27,4,9.13147
3,1,2024-02-28,15,9.005195
3,1,2024-02-29,8,9.512853
3,1,2024-03-01,0,9.057925
3,1,2024-03-02,18,8.593227
3,1,2024-03-03,4,10.004739
3,1,2024-03-04,10,8.907569
3,1,2024-03-05,4,9.361763
3,1,2024-03-06,13,9.813981
3,1,2024-03-07,7,9.554747
3,1,2024-03-08,9,9.222229
3,1,2024-03-09,9,10.271199
3,1,2024-03-10,10,9.147792
3,1,2024-03-11,5,9.489183
3,1,2024-03-12,5,8.93291
3,1,2024-03-13,10,9.520989
3,1,2024-03-14,14,9.326314
3,1,2024-03-15,9,9.712525
3,1,2024-03-16,5,9.43899
3,1,2024-03-17,9,9.167197
3,1,2024-03-18,6,9.094778
3,1,2024-03-19,7,9.057118
3,1,2024-03-20,13,9.602626
3,1,2024-03-21,9,10.140679
3,1,2024-03-22,4,10.115558
3,1,2024-03-23,5,9.580674
3,1,2024-03-24,16,9.934498
3,1,2024-03-25,2,10.2855425
3,1,2024-03-26,10,9.654559
3,1,2024-03-27,11,10.201913
3,1,2024-03-28,14,10.324377
3,1,2024-03-29,11,10.526858
3,1,2024-03-30,16,10.638623
3,1,2024-03-31,18,10.961744
3,1,2024-04-01,4,9.9959
3,1,2024-04-02,10,9.905187
3,1,2024-04-03,8,10.696169
3,1,2024-04-04,8,11.187284
3,1,2024-04-05,8,10.889532
3,1,2024-04-06,25,10.860775
3,1,2024-04-07,8,11.436035
3,1,2024-04-08,0,9.569786
3,1,2024-04-09,10,9.646714
3,1,2024-04-10,11,9.946338
3,1,2024-04-11,11,10.091502
3,1,2024-04-12,14,10.268692
3,1,2024-04-13,13,11.990362
3,1,2024-04-14,13,10.598044
3,1,2024-04-15,10,10.337263
3,1,2024-04-16,10,10.735266
3,1,2024-04-17,15,10.690177
3,1,2024-04-18,12,10.904069
3,1,2024-04-19,11,10.615166
3,1,2024-04-20,15,10.920234
3,1,2024-04-21,16,11.683694
3,1,2024-04-22,5,12.042291
3,1,2024-04-23,15,11.717275
3,1,2024-04-24,6,11.969054
3,1,2024-04-25,10,11.06939
3,1,2024-04-26,3,10.13611
3,1,2024-04-27,0,10.244789
3,1,2024-04-28,17,9.645825
3,1,2024-04-29,14,9.79309
3,1,2024-04-30,0,10.374099
3,1,2024-05-01,10,8.761747
3,1,2024-05-02,12,9.503672
3,1,2024-05-03,8,9.336006
3,1,2024-05-04,13,9.35287
3,1,2024-05-05,7,10.764775
3,1,2024-05-06,17,9.628767
3,1,2024-05-07,8,9.524411
3,1,2024-05-08,8,9.535415
3,1,2024-05-09,12,10.41091
3,1,2024-05-10,3,10.335141
3,1,2024-05-11,18,10.461732
3,1,2024-05-12,11,10.744935
3,1,2024-05-13,4,11.3731165
3,1,2024-05-14,8,9.787842
3,1,2024-05-15,10,10.618285
3,1,2024-05-16,15,10.760497
3,1,2024-05-17,4,10.810885
3,1,2024-05-18,22,11.782779
3,1,2024-05-19,4,11.654102
3,1,2024-05-20,11,10.920421
3,1,2024-05-21,5,11.3740835
3,1,2024-05-22,5,10.980203
3,1,2024-05-23,15,10.406116
3,1,2024-05-24,0,10.327744
3,1,2024-05-25,17,10.291752
3,1,2024-05-26,20,10.938586
3,1,2024-05-27,7,11.960483
3,1,2024-05-28,8,11.442153
3,1,2024-05-29,16,11.4287
3,1,2024-05-30,10,11.46013
3,1,2024-05-31,14,9.669189
3,1,2024-06-01,9,11.341888
3,1,2024-06-02,14,10.657111
3,1,2024-06-03,11,9.573828
3,1,2024-06-04,7,9.7030735
3,1,2024-06-05,9,10.358791
3,1,2024-06-06,13,9.703084
3,1,2024-06-07,0,10.26928
3,1,2024-06-08,11,9.048728
3,1,2024-06-09,24,10.072799
3,1,2024-06-10,6,11.050846
3,1,2024-06-11,11,10.433286
3,1,2024-06-12,13,10.9438
3,1,2024-06-13,26,11.179141
3,1,2024-06-14,10,11.016902
3,1,2024-06-15,17,11.455186
3,1,2024-06-16,26,12.177701
3,1,2024-06-17,20,12.521705
3,1,2024-06-18,11,12.763515
3,1,2024-06-19,16,12.749057
3,1,2024-06-20,15,12.585913
3,1,2024-06-21,8,11.672412
3,1,2024-06-22,16,11.833073
3,1,2024-06-23,22,11.6093855
3,1,2024-06-24,5,11.487682
3,1,2024-06-25,15,11.072003
3,1,2024-06-26,4,12.051008
3,1,2024-06-27,9,12.028087
3,1,2024-06-28,7,12.1893
3,1,2024-06-29,26,11.979175
3,1,2024-06-30,16,12.319417
3,1,2024-07-01,18,10.42163
3,1,2024-07-02,22,11.317125
3,1,2024-07-03,8,10.493838
3,1,2024-07-04,18,10.608772
3,1,2024-07-05,9,11.269251
3,1,2024-07-06,10,11.878848
3,1,2024-07-07,21,11.387971
3,1,2024-07-08,19,12.376349
3,1,2024-07-09,10,12.447946
3,1,2024-07-10,13,10.989706
3,1,2024-07-11,8,12.0571375
3,1,2024-07-12,15,10.929454
3,1,2024-07-13,9,11.421273
3,1,2024-07-14,22,11.865514
3,1,2024-07-15,11,12.330852
3,1,2024-07-16,3,11.898436
3,1,2024-07-17,14,11.506751
3,1,2024-07-18,18,11.484946
3,1,2024-07-19,12,11.225978
3,1,2024-07-20,5,10.476597
3,1,2024-07-21,8,11.162042
3,1,2024-07-22,9,9.558188
3,1,2024-07-23,23,9.407741
3,1,2024-07-24,3,11.485676
3,1,2024-07-25,14,10.644662
3,1,2024-07-26,11,9.940036
3,1,2024-07-27,24,9.369763
3,1,2024-07-28,15,10.608585
3,1,2024-07-29,15,10.869259
3,1,2024-07-30,8,11.725698
3,1,2024-07-31,7,9.565185
3,1,2024-08-01,14,11.011075
3,1,2024-08-02,12,11.346557
3,1,2024-08-03,16,11.850087
3,1,2024-08-04,22,10.824167
3,1,2024-08-05,13,10.810359
3,1,2024-08-06,18,9.702802
3,1,2024-08-07,7,10.244241
3,1,2024-08-08,23,10.900252
3,1,2024-08-09,17,11.662953
3,1,2024-08-10,20,11.935742
3,1,2024-08-11,15,12.210788
3,1,2024-08-12,14,11.453771
3,1,2024-08-13,14,11.650456
3,1,2024-08-14,8,10.999898
3,1,2024-08-15,14,11.888511
3,1,2024-08-16,12,11.762685
3,1,2024-08-17,7,11.64727
3,1,2024-08-18,20,10.485412
3,1,2024-08-19,8,10.800113
3,1,2024-08-20,8,10.029465
3,1,2024-08-21,10,9.466779
3,1,2024-08-22,9,10.285993
3,1,2024-08-23,30,9.813106
3,1,2024-08-24,9,10.871989
3,1,2024-08-25,15,11.195117
3,1,2024-08-26,13,9.912458
3,1,2024-08-27,8,9.927789
3,1,2024-08-28,18,10.058976
3,1,2024-08-29,18,11.268584
3,1,2024-08-30,8,12.189097
3,1,2024-08-31,0,9.897843
3,1,2024-09-01,9,10.371062
3,1,2024-09-02,18,10.4304
3,1,2024-09-03,12,10.685439
3,1,2024-09-04,14,12.0123205
3,1,2024-09-05,5,11.322033
3,1,2024-09-06,12,9.414508
3,1,2024-09-07,11,9.624222
3,1,2024-09-08,6,10.498549
3,1,2024-09-09,3,11.290448
3,1,2024-09-10,14,10.350542
3,1,2024-09-11,8,10.907104
3,1,2024-09-12,3,9.429996
3,1,2024-09-13,8,9.864055
3,1,2024-09-14,11,9.824475
3,1,2024-09-15,20,9.489806
3,1,2024-09-16,5,10.077979
3,1,2024-09-17,12,9.974576
3,1,2024-09-18,11,9.431444
3,1,2024-09-19,3,9.20832
3,1,2024-09-20,9,9.211189
3,1,2024-09-21,9,10.172156
3,1,2024-09-22,5,10.654466
3,1,2024-09-23,10,9.022283
3,1,2024-09-24,3,9.825148
3,1,2024-09-25,13,9.131081
3,1,2024-09-26,14,9.318267
3,1,2024-09-27,10,9.696952
3,1,2024-09-28,6,9.761704
3,1,2024-09-29,9,9.24626
3,1,2024-09-30,10,9.712568
3,1,2024-10-01,7,9.556098
3,1,2024-10-02,5,10.075074
3,1,2024-10-03,11,9.843384
3,1,2024-10-04,6,9.67332
3,1,2024-10-05,24,9.055678
3,1,2024-10-06,16,10.377864
3,1,2024-10-07,15,10.05921
3,1,2024-10-08,21,9.735765
3,1,2024-10-09,6,10.198731
3,1,2024-10-10,5,10.292079
3,1,2024-10-11,9,10.466818
3,1,2024-10-12,16,11.933904
3,1,2024-10-13,16,11.522157
3,1,2024-10-14,4,11.207277
3,1,2024-10-15,5,10.476118
3,1,2024-10-16,14,8.880892
3,1,2024-10-17,3,9.577538
3,1,2024-10-18,18,9.646609
3,1,2024-10-19,20,11.129886
3,1,2024-10-20,8,10.668554
3,1,2024-10-21,18,9.104867
3,1,2024-10-22,8,9.915881
3,1,2024-10-23,9,10.346276
3,1,2024-10-24,18,9.746578
3,1,2024-10-25,13,11.911991
3,1,2024-10-26,15,11.33623
3,1,2024-10-27,5,10.0276575
3,1,2024-10-28,4,10.405636
3,1,2024-10-29,9,9.107173
3,1,2024-10-30,16,9.998972
3,1,2024-10-31,5,11.404817
3,1,2024-11-01,7,9.878516
3,1,2024-11-02,13,9.768027
3,1,2024-11-03,18,9.345385
3,1,2024-11-04,0,9.716545
3,1,2024-11-05,9,9.145558
3,1,2024-11-06,10,10.070775
3,1,2024-11-07,11,9.754563
3,1,2024-11-08,7,10.149417
3,1,2024-11-09,20,10.637261
3,1,2024-11-10,22,11.271758
3,1,2024-11-11,6,10.176159
3,1,2024-11-12,0,10.07667
3,1,2024-11-13,5,10.324815
3,1,2024-11-14,4,10.819323
3,1,2024-11-15,4,10.849113
3,1,2024-11-16,2,11.44464
3,1,2024-11-17,18,10.403454
3,1,2024-11-18,11,9.75505
3,1,2024-11-19,9,9.896659
3,1,2024-11-20,7,9.921796
3,1,2024-11-21,19,9.729417
3,1,2024-11-22,11,10.327535
3,1,2024-11-23,11,10.080252
3,1,2024-11-24,20,11.363938
3,1,2024-11-25,17,11.765401
3,1,2024-11-26,14,11.761392
3,1,2024-11-27,4,11.729316
3,1,2024-11-28,9,11.396661
3,1,2024-11-29,8,11.129439
3,1,2024-11-30,10,10.7053175
3,1,2024-12-01,9,11.507022
3,1,2024-12-02,2,10.534118
3,1,2024-12-03,6,9.320618
3,1,2024-12-04,10,8.864321
3,1,2024-12-05,6,9.419561
3,1,2024-12-06,12,9.169928
3,1,2024-12-07,13,9.616221
3,1,2024-12-08,9,9.542136
3,1,2024-12-09,9,9.020675
3,1,2024-12-10,4,9.200559
3,1,2024-12-11,11,9.155183
3,1,2024-12-12,0,9.414942
3,1,2024-12-13,6,9.361929
3,1,2024-12-14,18,9.644395
3,1,2024-12-15,6,9.934378
3,1,2024-12-16,7,9.214046
3,1,2024-12-17,10,9.058319
3,1,2024-12-18,10,9.54927
3,1,2024-12-19,8,9.097077
3,1,2024-12-20,4,9.724718
3,1,2024-12-21,13,10.278317
3,1,2024-12-22,10,9.680698
3,1,2024-12-23,2,9.643861
3,1,2024-12-24,6,9.355802
3,1,2024-12-25,6,9.493938
3,1,2024-12-26,1,9.130554
3,1,2024-12-27,6,8.687337
3,1,2024-12-28,16,9.791524
3,1,2024-12-29,12,9.936178
3,1,2024-12-30,5,9.296151
3,1,2024-12-31,4,8.986135
3,2,2024-01-01,4,9.358647
3,2,2024-01-02,9,9.404308
3,2,2024-01-03,4,9.386287
3,2,2024-01-04,4,8.65641
3,2,2024-01-05,6,8.800927
3,2,2024-01-06,5,8.84968
3,2,2024-01-07,11,9.290443
3,2,2024-01-08,10,9.205148
3,2,2024-01-09,10,9.352761
3,2,2024-01-10,5,9.105693
3,2,2024-01-11,7,8.800395
3,2,2024-01-12,4,8.961894
3,2,2024-01-13,9,8.820328
3,2,2024-01-14,18,9.602818
3,2,2024-01-15,7,9.9751625
3,2,2024-01-16,6,9.26135
3,2,2024-01-17,11,8.871881
3,2,2024-01-18,11,9.280293
3,2,2024-01-19,9,9.267936
3,2,2024-01-20,14,9.70703
3,2,2024-01-21,0,10.566134
3,2,2024-01-22,4,8.652956
3,2,2024-01-23,8,8.873732
3,2,2024-01-24,13,9.593612
3,2,2024-01-25,15,9.854268
3,2,2024-01-26,8,9.88005
3,2,2024-01-27,15,9.687089
3,2,2024-01-28,5,9.856545
3,2,2024-01-29,10,9.169085
3,2,2024-01-30,2,9.907021
3,2,2024-01-31,2,10.326786
3,2,2024-02-01,6,10.379304
3,2,2024-02-02,12,9.953755
3,2,2024-02-03,2,10.55901
3,2,2024-02-04,11,8.983245
3,2,2024-02-05,7,9.878961
3,2,2024-02-06,9,9.18595
3,2,2024-02-07,11,9.35279
3,2,2024-02-08,9,9.8777895
3,2,2024-02-09,8,9.863158
3,2,2024-02-10,7,9.173288
3,2,2024-02-11,13,9.491555
3,2,2024-02-12,15,9.577559
3,2,2024-02-13,9,9.915647
3,2,2024-02-14,13,9.731479
3,2,2024-02-15,0,9.688523
3,2,2024-02-16,9,8.818191
3,2,2024-02-17,12,9.398111
3,2,2024-02-18,6,10.352336
3,2,2024-02-19,2,10.024088
3,2,2024-02-20,7,9.035408
3,2,2024-02-21,6,9.44354
3,2,2024-02-22,11,8.789266
3,2,2024-02-23,3,9.546546
3,2,2024-02-24,12,9.232646
3,2,2024-02-25,2,9.305488
3,2,2024-02-26,11,8.595364
3,2,2024-02-27,12,9.312388
3,2,2024-02-28,2,9.417139
3,2,2024-02-29,11,9.044669
3,2,2024-03-01,5,9.167916
3,2,2024-03-02,14,9.280283
3,2,2024-03-03,11,9.356494
3,2,2024-03-04,6,9.787784
3,2,2024-03-05,9,9.362054
3,2,2024-03-06,14,9.037895
3,2,2024-03-07,13,9.766257
3,2,2024-03-08,5,9.472749
3,2,2024-03-09,11,9.775848
3,2,2024-03-10,0,9.5770855
3,2,2024-03-11,7,8.65338
3,2,2024-03-12,13,9.478404
3,2,2024-03-13,0,10.329346
3,2,2024-03-14,4,9.173427
3,2,2024-03-15,3,8.804875
3,2,2024-03-16,20,9.095826
3,2,2024-03-17,11,9.719053
3,2,2024-03-18,8,9.645703
3,2,2024-03-19,7,9.689901
3,2,2024-03-20,7,8.853818
3,2,2024-03-21,9,8.989367
3,2,2024-03-22,18,10.223622
3,2,2024-03-23,8,11.876212
3,2,2024-03-24,15,10.204215
3,2,2024-03-25,15,10.221094
3,2,2024-03-26,2,10.169708
3,2,2024-03-27,5,9.215797
3,2,2024-03-28,0,11.047474
3,2,2024-03-29,0,10.815206
3,2,2024-03-30,13,10.388831
3,2,2024-03-31,6,11.039094
3,2,2024-04-01,12,10.162388
3,2,2024-04-02,0,9.777005
3,2,2024-04-03,6,8.879823
3,2,2024-04-04,11,9.101802
3,2,2024-04-05,8,9.549465
3,2,2024-04-06,31,9.783259
3,2,2024-04-07,8,10.651627
3,2,2024-04-08,5,10.442316
3,2,2024-04-09,17,9.197423
3,2,2024-04-10,2,10.471553
3,2,2024-04-11,12,10.311983
3,2,2024-04-12,5,10.80827
3,2,2024-04-13,14,12.3310995
3,2,2024-04-14,10,10.708232
3,2,2024-04-15,5,10.552291
3,2,2024-04-16,14,11.1061125
3,2,2024-04-17,4,9.8185
3,2,2024-04-18,7,9.639678
3,2,2024-04-19,4,9.983621
3,2,2024-04-20,17,10.316314
3,2,2024-04-21,3,11.066536
3,2,2024-04-22,11,10.6478
3,2,2024-04-23,10,11.169993
3,2,2024-04-24,3,10.305897
3,2,2024-04-25,7,9.725036
3,2,2024-04-26,1,9.133201
3,2,2024-04-27,0,9.645258
3,2,2024-04-28,28,8.482886
3,2,2024-04-29,11,10.800924
3,2,2024-04-30,16,9.936393
3,2,2024-05-01,13,9.747321
3,2,2024-05-02,10,9.708184
3,2,2024-05-03,5,9.378299
3,2,2024-05-04,16,9.979051
3,2,2024-05-05,19,12.081485
3,2,2024-05-06,11,10.688386
3,2,2024-05-07,6,10.934741
3,2,2024-05-08,11,9.895711
3,2,2024-05-09,10,10.500672
3,2,2024-05-10,6,10.424126
3,2,2024-05-11,18,11.583624
3,2,2024-05-12,4,11.845401
3,2,2024-05-13,10,10.023034
3,2,2024-05-14,9,9.99767
3,2,2024-05-15,4,10.735512
3,2,2024-05-16,7,10.219319
3,2,2024-05-17,12,10.200276
3,2,2024-05-18,14,11.644868
3,2,2024-05-19,11,10.557727
3,2,2024-05-20,3,11.00742
3,2,2024-05-21,19,10.26221
3,2,2024-05-22,7,10.403876
3,2,2024-05-23,9,10.098544
3,2,2024-05-24,11,10.71569
3,2,2024-05-25,19,10.970935
3,2,2024-05-26,3,11.671465
3,2,2024-05-27,11,11.271787
3,2,2024-05-28,6,11.7429
3,2,2024-05-29,6,11.093926
3,2,2024-05-30,14,10.785752
3,2,2024-05-31,2,10.293881
3,2,2024-06-01,7,9.953622
3,2,2024-06-02,7,8.909165
3,2,2024-06-03,12,9.373363
3,2,2024-06-04,12,9.324348
3,2,2024-06-05,26,9.444232
3,2,2024-06-06,16,10.641698
3,2,2024-06-07,0,9.545293
3,2,2024-06-08,8,8.933166
3,2,2024-06-09,16,9.880488
3,2,2024-06-10,11,11.851833
3,2,2024-06-11,22,12.048836
3,2,2024-06-12,12,12.579384
3,2,2024-06-13,21,11.338187
3,2,2024-06-14,5,10.39
3,2,2024-06-15,20,10.625918
3,2,2024-06-16,11,12.226035
3,2,2024-06-17,15,12.690277
3,2,2024-06-18,15,12.71603
3,2,2024-06-19,12,12.618539
3,2,2024-06-20,2,12.237168
3,2,2024-06-21,16,10.184432
3,2,2024-06-22,14,11.779863
3,2,2024-06-23,18,10.883202
3,2,2024-06-24,5,11.354314
3,2,2024-06-25,18,11.241582
3,2,2024-06-26,2,11.979283
3,2,2024-06-27,11,11.63087
3,2,2024-06-28,19,12.295226
3,2,2024-06-29,9,12.446428
3,2,2024-06-30,19,11.57764
3,2,2024-07-01,8,10.431399
3,2,2024-07-02,0,10.93164
3,2,2024-07-03,19,8.806914
3,2,2024-07-04,14,11.234147
3,2,2024-07-05,8,11.440562
3,2,2024-07-06,6,9.978114
3,2,2024-07-07,8,10.620124
3,2,2024-07-08,10,10.54696
3,2,2024-07-09,8,10.662639
3,2,2024-07-10,18,11.847868
3,2,2024-07-11,10,11.269548
3,2,2024-07-12,15,10.159587
3,2,2024-07-13,19,9.426847
3,2,2024-07-14,12,11.649088
3,2,2024-07-15,12,11.893159
3,2,2024-07-16,12,11.967022
3,2,2024-07-17,0,11.881822
3,2,2024-07-18,9,11.009135
3,2,2024-07-19,16,11.030111
3,2,2024-07-20,19,11.356369
3,2,2024-07-21,18,10.463931
3,2,2024-07-22,0,10.340829
3,2,2024-07-23,15,9.130173
3,2,2024-07-24,10,9.477114
3,2,2024-07-25,12,10.433263
3,2,2024-07-26,17,11.529902
3,2,2024-07-27,14,11.557079
3,2,2024-07-28,23,10.561184
3,2,2024-07-29,1,10.007704
3,2,2024-07-30,2,10.335296
3,2,2024-07-31,7,9.821578
3,2,2024-08-01,4,10.842915
3,2,2024-08-02,17,11.127562
3,2,2024-08-03,14,11.156947
3,2,2024-08-04,16,10.8114605
3,2,2024-08-05,12,9.451011
3,2,2024-08-06,21,9.215029
3,2,2024-08-07,3,9.945762
3,2,2024-08-08,11,9.370094
3,2,2024-08-09,14,11.4884
3,2,2024-08-10,21,11.280707
3,2,2024-08-11,16,11.65382
3,2,2024-08-12,16,11.074092
3,2,2024-08-13,16,11.413211
3,2,2024-08-14,23,9.742407
3,2,2024-08-15,5,11.425807
3,2,2024-08-16,6,11.275079
3,2,2024-08-17,14,11.690364
3,2,2024-08-18,7,11.648623
3,2,2024-08-19,0,11.250338
3,2,2024-08-20,20,10.686357
3,2,2024-08-21,15,11.48523
3,2,2024-08-22,16,9.581365
3,2,2024-08-23,4,9.85492
3,2,2024-08-24,17,9.942449
3,2,2024-08-25,19,9.840552
3,2,2024-08-26,12,10.287499
3,2,2024-08-27,9,11.724788
3,2,2024-08-28,8,10.782043
3,2,2024-08-29,1,10.395169
3,2,2024-08-30,7,9.088542
3,2,2024-08-31,17,11.111949
3,2,2024-09-01,12,11.245427
3,2,2024-09-02,12,9.8736105
3,2,2024-09-03,9,9.554608
3,2,2024-09-04,5,9.744389
3,2,2024-09-05,7,9.072585
3,2,2024-09-06,12,9.886838
3,2,2024-09-07,22,11.405324
3,2,2024-09-08,15,11.120992
3,2,2024-09-09,14,10.758908
3,2,2024-09-10,9,10.41961
3,2,2024-09-11,5,9.641221
3,2,2024-09-12,12,9.6400175
3,2,2024-09-13,8,11.011838
3,2,2024-09-14,0,11.200595
3,2,2024-09-15,9,10.0436
3,2,2024-09-16,8,10.205261
3,2,2024-09-17,10,9.534505
3,2,2024-09-18,8,9.254611
3,2,2024-09-19,8,9.54398
3,2,2024-09-20,7,9.141776
3,2,2024-09-21,0,8.874665
3,2,2024-09-22,17,8.804111
3,2,2024-09-23,6,9.78259
3,2,2024-09-24,6,9.313515
3,2,2024-09-25,13,9.069145
3,2,2024-09-26,3,9.520459
3,2,2024-09-27,8,8.89235
3,2,2024-09-28,5,9.45194
3,2,2024-09-29,13,10.280757
3,2,2024-09-30,15,9.616691
3,2,2024-10-01,10,9.932338
3,2,2024-10-02,11,9.780676
3,2,2024-10-03,4,9.1547
3,2,2024-10-04,0,9.101072
3,2,2024-10-05,9,8.712068
3,2,2024-10-06,2,10.234269
3,2,2024-10-07,11,9.890166
3,2,2024-10-08,11,9.636469
3,2,2024-10-09,9,9.63555
3,2,2024-10-10,11,9.090279
3,2,2024-10-11,4,9.13896
3,2,2024-10-12,17,8.996281
3,2,2024-10-13,4,9.533113
3,2,2024-10-14,8,9.41438
3,2,2024-10-15,11,9.539215
3,2,2024-10-16,11,9.564325
3,2,2024-10-17,14,9.70148
3,2,2024-10-18,2,9.594729
3,2,2024-10-19,8,9.682387
3,2,2024-10-20,12,8.941855
3,2,2024-10-21,12,9.540557
3,2,2024-10-22,9,9.868253
3,2,2024-10-23,10,9.701486
3,2,2024-10-24,11,9.754499
3,2,2024-10-25,16,9.1013975
3,2,2024-10-26,0,9.774393
3,2,2024-10-27,3,9.34805
3,2,2024-10-28,6,9.337826
3,2,2024-10-29,14,9.250707
3,2,2024-10-30,0,10.033023
3,2,2024-10-31,14,9.387629
3,2,2024-11-01,15,10.211587
3,2,2024-11-02,18,9.3905
3,2,2024-11-03,13,9.612178
3,2,2024-11-04,9,9.541295
3,2,2024-11-05,12,9.879617
3,2,2024-11-06,15,9.397889
3,2,2024-11-07,5,11.623828
3,2,2024-11-08,3,11.220693
3,2,2024-11-09,12,10.969657
3,2,2024-11-10,2,10.466462
3,2,2024-11-11,3,9.362115
3,2,2024-11-12,9,10.130593
3,2,2024-11-13,12,10.611556
3,2,2024-11-14,6,9.653595
3,2,2024-11-15,5,9.383882
3,2,2024-11-16,14,9.952104
3,2,2024-11-17,10,9.270356
3,2,2024-11-18,9,9.12386
3,2,2024-11-19,9,10.242998
3,2,2024-11-20,7,10.445988
3,2,2024-11-21,11,9.6832285
3,2,2024-11-22,7,9.975633
3,2,2024-11-23,10,10.546934
3,2,2024-11-24,19,9.657174
3,2,2024-11-25,13,10.861014
3,2,2024-11-26,0,10.811376
3,2,2024-11-27,9,10.285173
3,2,2024-11-28,11,10.826577
3,2,2024-11-29,16,10.484237
3,2,2024-11-30,11,10.558768
3,2,2024-12-01,6,10.912473
3,2,2024-12-02,10,9.4948015
3,2,2024-12-03,3,9.050619
3,2,2024-12-04,6,9.173
3,2,2024-12-05,4,9.766274
3,2,2024-12-06,10,9.998721
3,2,2024-12-07,10,9.534062
3,2,2024-12-08,4,9.265344
3,2,2024-12-09,6,9.037507
3,2,2024-12-10,12,8.808005
3,2,2024-12-11,7,9.327871
3,2,2024-12-12,9,9.029548
3,2,2024-12-13,3,9.497149
3,2,2024-12-14,17,9.006688
3,2,2024-12-15,9,9.532298
3,2,2024-12-16,6,9.29728
3,2,2024-12-17,0,9.491357
3,2,2024-12-18,9,8.663478
3,2,2024-12-19,7,9.323815
3,2,2024-12-20,6,9.483434
3,2,2024-12-21,15,10.520011
3,2,2024-12-22,26,9.996209
3,2,2024-12-23,4,10.460187
3,2,2024-12-24,8,9.062547
3,2,2024-12-25,7,9.7089815
3,2,2024-12-26,10,9.264046
3,2,2024-12-27,9,9.7643175
3,2,2024-12-28,6,10.832515
3,2,2024-12-29,13,10.651778
3,2,2024-12-30,7,9.29758
3,2,2024-12-31,7,9.1438875
3,3,2024-01-01,1,9.187053
3,3,2024-01-02,3,8.587505
3,3,2024-01-03,14,8.583566
3,3,2024-01-04,0,9.543927
3,3,2024-01-05,5,8.537587
3,3,2024-01-06,23,9.17254
3,3,2024-01-07,4,10.073951
3,3,2024-01-08,6,8.805557
3,3,2024-01-09,2,9.0902605
3,3,2024-01-10,9,9.563395
3,3,2024-01-11,6,9.151141
3,3,2024-01-12,14,9.567332
3,3,2024-01-13,12,10.868066
3,3,2024-01-14,9,9.211354
3,3,2024-01-15,10,9.072924
3,3,2024-01-16,6,9.040551
3,3,2024-01-17,6,9.1600685
3,3,2024-01-18,10,9.104764
3,3,2024-01-19,6,10.1460285
3,3,2024-01-20,19,9.472193
3,3,2024-01-21,19,9.939822
3,3,2024-01-22,4,9.969302
3,3,2024-01-23,3,8.839479
3,3,2024-01-24,6,8.770239
3,3,2024-01-25,3,9.489415
3,3,2024-01-26,3,9.611105
3,3,2024-01-27,15,10.914213
3,3,2024-01-28,7,11.237788
3,3,2024-01-29,13,9.311364
3,3,2024-01-30,6,9.687771
3,3,2024-01-31,7,9.271567
3,3,2024-02-01,7,9.189563
3,3,2024-02-02,10,9.461055
3,3,2024-02-03,14,10.437413
3,3,2024-02-04,9,9.951671
3,3,2024-02-05,10,10.137752
3,3,2024-02-06,6,9.666731
3,3,2024-02-07,3,9.499792
3,3,2024-02-08,8,9.427682
3,3,2024-02-09,9,10.029805
3,3,2024-02-10,9,10.408107
3,3,2024-02-11,2,9.445752
3,3,2024-02-12,5,9.115371
3,3,2024-02-13,6,8.932582
3,3,2024-02-14,0,8.862377
3,3,2024-02-15,0,8.789932
3,3,2024-02-16,6,8.830586
3,3,2024-02-17,4,9.009456
3,3,2024-02-18,7,8.669869
3,3,2024-02-19,10,8.9605
3,3,2024-02-20,14,9.168347
3,3,2024-02-21,7,9.263658
3,3,2024-02-22,0,8.807634
3,3,2024-02-23,8,8.465456
3,3,2024-02-24,7,8.916402
3,3,2024-02-25,5,9.150396
3,3,2024-02-26,4,9.402257
3,3,2024-02-27,12,9.471414
3,3,2024-02-28,10,9.292861
3,3,2024-02-29,16,9.033879
3,3,2024-03-01,4,9.628198
3,3,2024-03-02,5,8.832609
3,3,2024-03-03,4,8.757441
3,3,2024-03-04,16,8.765471
3,3,2024-03-05,13,10.228171
3,3,2024-03-06,9,9.933066
3,3,2024-03-07,6,9.962995
3,3,2024-03-08,16,8.785508
3,3,2024-03-09,12,9.462543
3,3,2024-03-10,14,9.481367
3,3,2024-03-11,5,10.745225
3,3,2024-03-12,4,9.56814
3,3,2024-03-13,10,9.026184
3,3,2024-03-14,8,9.458762
3,3,2024-03-15,0,10.570306
3,3,2024-03-16,3,9.361182
3,3,2024-03-17,8,9.352347
3,3,2024-03-18,10,8.973532
3,3,2024-03-19,0,9.184949
3,3,2024-03-20,0,8.878836
3,3,2024-03-21,2,8.588395
3,3,2024-03-22,17,9.2785845
3,3,2024-03-23,17,10.311578
3,3,2024-03-24,11,10.641099
3,3,2024-03-25,13,10.504655
3,3,2024-03-26,6,9.961703
3,3,2024-03-27,14,8.961913
3,3,2024-03-28,16,10.884528
3,3,2024-03-29,6,11.496703
3,3,2024-03-30,25,10.783695
3,3,2024-03-31,6,11.444647
3,3,2024-04-01,10,10.598534
3,3,2024-04-02,0,10.2993765
3,3,2024-04-03,11,10.968065
3,3,2024-04-04,11,11.407161
3,3,2024-04-05,10,10.616473
3,3,2024-04-06,5,11.253162
3,3,2024-04-07,10,9.02715
3,3,2024-04-08,12,9.824712
3,3,2024-04-09,10,9.336139
3,3,2024-04-10,13,10.043544
3,3,2024-04-11,13,10.078991
3,3,2024-04-12,11,9.594176
3,3,2024-04-13,13,10.29563
3,3,2024-04-14,14,10.760842
3,3,2024-04-15,5,10.98937
3,3,2024-04-16,9,10.463073
3,3,2024-04-17,6,10.824777
3,3,2024-04-18,4,10.206218
3,3,2024-04-19,15,10.223073
3,3,2024-04-20,6,10.84848
3,3,2024-04-21,18,10.66813
3,3,2024-04-22,4,11.037504
3,3,2024-04-23,1,10.908783
3,3,2024-04-24,7,10.360523
3,3,2024-04-25,7,10.258368
3,3,2024-04-26,18,10.1998205
3,3,2024-04-27,18,10.002522
3,3,2024-04-28,15,10.678011
3,3,2024-04-29,4,9.394923
3,3,2024-04-30,3,8.6611
3,3,2024-05-01,3,8.935927
3,3,2024-05-02,11,9.701797
3,3,2024-05-03,4,11.471175
3,3,2024-05-04,11,10.57137
3,3,2024-05-05,11,9.92978
3,3,2024-05-06,7,9.141673
3,3,2024-05-07,15,8.868293
3,3,2024-05-08,0,9.405872
3,3,2024-05-09,6,9.694295
3,3,2024-05-10,12,9.713819
3,3,2024-05-11,3,10.674109
3,3,2024-05-12,0,10.192939
3,3,2024-05-13,11,9.366637
3,3,2024-05-14,4,10.164178
3,3,2024-05-15,16,8.384896
3,3,2024-05-16,6,10.127162
3,3,2024-05-17,22,9.944775
3,3,2024-05-18,22,10.692143
3,3,2024-05-19,19,11.330523
3,3,2024-05-20,8,12.022416
3,3,2024-05-21,2,11.680479
3,3,2024-05-22,11,11.909396
3,3,2024-05-23,10,11.40954
3,3,2024-05-24,12,11.567727
3,3,2024-05-25,16,11.441461
3,3,2024-05-26,4,11.431629
3,3,2024-05-27,12,10.825126
3,3,2024-05-28,12,11.105674
3,3,2024-05-29,0,11.425575
3,3,2024-05-30,11,10.45411
3,3,2024-05-31,4,10.094958
3,3,2024-06-01,3,9.785357
3,3,2024-06-02,27,8.733195
3,3,2024-06-03,5,10.842885
3,3,2024-06-04,24,9.68268
3,3,2024-06-05,10,10.215493
3,3,2024-06-06,12,10.319255
3,3,2024-06-07,26,9.880666
3,3,2024-06-08,22,11.437587
3,3,2024-06-09,5,12.195702
3,3,2024-06-10,7,11.489665
3,3,2024-06-11,9,12.49373
3,3,2024-06-12,5,11.473289
3,3,2024-06-13,13,11.508388
3,3,2024-06-14,14,11.506671
3,3,2024-06-15,11,11.065148
3,3,2024-06-16,7,10.649842
3,3,2024-06-17,8,11.587436
3,3,2024-06-18,18,11.68436
3,3,2024-06-19,11,12.118914
3,3,2024-06-20,9,12.077645
3,3,2024-06-21,7,10.962535
3,3,2024-06-22,10,9.660754
3,3,2024-06-23,28,10.17928
3,3,2024-06-24,18,10.998602
3,3,2024-06-25,1,11.66073
3,3,2024-06-26,0,11.150343
3,3,2024-06-27,10,11.6853075
3,3,2024-06-28,3,12.188619
3,3,2024-06-29,22,11.940682
3,3,2024-06-30,19,12.441258
3,3,2024-07-01,10,11.394238
3,3,2024-07-02,8,9.436772
3,3,2024-07-03,7,9.267461
3,3,2024-07-04,13,10.002057
3,3,2024-07-05,16,10.045215
3,3,2024-07-06,26,11.558085
3,3,2024-07-07,8,11.538806
3,3,2024-07-08,22,10.687926
3,3,2024-07-09,8,11.076244
3,3,2024-07-10,10,11.069781
3,3,2024-07-11,15,11.673604
3,3,2024-07-12,12,11.81532
3,3,2024-07-13,26,11.804996
3,3,2024-07-14,7,12.258889
3,3,2024-07-15,16,11.738008
3,3,2024-07-16,14,11.9599495
3,3,2024-07-17,5,11.901591
3,3,2024-07-18,7,11.357545
3,3,2024-07-19,5,10.775803
3,3,2024-07-20,19,11.344852
3,3,2024-07-21,36,10.102977
3,3,2024-07-22,15,11.872613
3,3,2024-07-23,10,10.844867
3,3,2024-07-24,20,9.697841
3,3,2024-07-25,17,10.71643
3,3,2024-07-26,9,11.152846
3,3,2024-07-27,9,11.979966
3,3,2024-07-28,26,12.029777
3,3,2024-07-29,7,11.651193
3,3,2024-07-30,15,10.736988
3,3,2024-07-31,12,11.845439
3,3,2024-08-01,8,10.992888
3,3,2024-08-02,9,9.630406
3,3,2024-08-03,18,10.207271
3,3,2024-08-04,9,11.725364
3,3,2024-08-05,10,9.357823
3,3,2024-08-06,8,10.254648
3,3,2024-08-07,14,9.5513525
3,3,2024-08-08,21,9.60678
3,3,2024-08-09,15,10.40957
3,3,2024-08-10,15,10.922975
3,3,2024-08-11,19,9.745619
3,3,2024-08-12,23,10.185138
3,3,2024-08-13,15,10.874114
3,3,2024-08-14,11,11.613997
3,3,2024-08-15,28,11.818082
3,3,2024-08-16,16,12.057254
3,3,2024-08-17,9,11.747635
3,3,2024-08-18,14,11.818023
3,3,2024-08-19,12,11.995329
3,3,2024-08-20,8,11.286598
3,3,2024-08-21,16,11.039638
3,3,2024-08-22,7,12.055051
3,3,2024-08-23,11,10.327786
3,3,2024-08-24,16,9.66295
3,3,2024-08-25,0,10.508232
3,3,2024-08-26,6,9.252338
3,3,2024-08-27,7,9.30396
3,3,2024-08-28,0,10.129517
3,3,2024-08-29,11,8.764031
3,3,2024-08-30,3,9.99076
3,3,2024-08-31,5,9.599734
3,3,2024-09-01,16,8.676361
3,3,2024-09-02,11,9.554979
3,3,2024-09-03,6,9.296018
3,3,2024-09-04,19,9.181521
3,3,2024-09-05,4,10.44913
3,3,2024-09-06,14,9.000316
3,3,2024-09-07,12,9.986138
3,3,2024-09-08,18,11.2191515
3,3,2024-09-09,0,10.681514
3,3,2024-09-10,18,9.865693
3,3,2024-09-11,5,11.887109
3,3,2024-09-12,9,9.495794
3,3,2024-09-13,14,10.864323
3,3,2024-09-14,13,10.85763
3,3,2024-09-15,11,10.884265
3,3,2024-09-16,14,9.654683
3,3,2024-09-17,8,10.657935
3,3,2024-09-18,14,9.069545
3,3,2024-09-19,9,9.850693
3,3,2024-09-20,4,10.234326
3,3,2024-09-21,6,9.702472
3,3,2024-09-22,16,9.623246
3,3,2024-09-23,9,10.432179
3,3,2024-09-24,10,9.513551
3,3,2024-09-25,4,10.004529
3,3,2024-09-26,7,8.9776125
3,3,2024-09-27,10,8.900807
3,3,2024-09-28,3,9.710773
3,3,2024-09-29,20,10.229449
3,3,2024-09-30,8,10.327836
3,3,2024-10-01,5,9.67822
3,3,2024-10-02,14,8.803807
3,3,2024-10-03,6,9.665926
3,3,2024-10-04,10,9.610293
3,3,2024-10-05,2,9.556917
3,3,2024-10-06,10,10.243133
3,3,2024-10-07,7,9.341701
3,3,2024-10-08,12,9.120141
3,3,2024-10-09,11,10.001891
3,3,2024-10-10,5,9.314578
3,3,2024-10-11,7,9.119472
3,3,2024-10-12,6,8.8845005
3,3,2024-10-13,16,9.234306
3,3,2024-10-14,19,9.695768
3,3,2024-10-15,2,10.28339
3,3,2024-10-16,10,9.054524
3,3,2024-10-17,9,9.108701
3,3,2024-10-18,2,9.287833
3,3,2024-10-19,13,9.252446
3,3,2024-10-20,10,11.001479
3,3,2024-10-21,5,10.346297
3,3,2024-10-22,4,8.7590475
3,3,2024-10-23,14,9.139063
3,3,2024-10-24,6,9.574277
3,3,2024-10-25,9,8.938132
3,3,2024-10-26,17,9.792026
3,3,2024-10-27,0,9.80706
3,3,2024-10-28,7,8.547194
3,3,2024-10-29,8,9.026157
3,3,2024-10-30,10,9.841071
3,3,2024-10-31,12,9.310415
3,3,2024-11-01,10,9.830358
3,3,2024-11-02,12,10.105496
3,3,2024-11-03,31,9.133367
3,3,2024-11-04,4,10.431302
3,3,2024-11-05,14,9.580979
3,3,2024-11-06,0,10.492671
3,3,2024-11-07,8,10.6391325
3,3,2024-11-08,22,10.874873
3,3,2024-11-09,4,12.222717
3,3,2024-11-10,9,11.955248
3,3,2024-11-11,7,9.569695
3,3,2024-11-12,0,10.3893175
3,3,2024-11-13,3,8.965501
3,3,2024-11-14,4,10.223689
3,3,2024-11-15,9,10.953031
3,3,2024-11-16,11,9.440875
3,3,2024-11-17,11,9.568288
3,3,2024-11-18,9,9.371782
3,3,2024-11-19,0,9.624622
3,3,2024-11-20,13,9.0783825
3,3,2024-11-21,14,9.981969
3,3,2024-11-22,12,10.448223
3,3,2024-11-23,14,10.526863
3,3,2024-11-24,19,10.193194
3,3,2024-11-25,2,10.950277
3,3,2024-11-26,14,10.024596
3,3,2024-11-27,11,11.363606
3,3,2024-11-28,0,11.174016
3,3,2024-11-29,13,10.476726
3,3,2024-11-30,11,10.763013
3,3,2024-12-01,7,10.531948
3,3,2024-12-02,5,9.016218
3,3,2024-12-03,6,9.756736
3,3,2024-12-04,8,9.2359085
3,3,2024-12-05,6,8.94135
3,3,2024-12-06,8,9.659028
3,3,2024-12-07,6,9.396796
3,3,2024-12-08,10,8.9827795
3,3,2024-12-09,12,9.121727
3,3,2024-12-10,3,9.298226
3,3,2024-12-11,0,8.836316
3,3,2024-12-12,8,8.507054
3,3,2024-12-13,4,9.107496
3,3,2024-12-14,14,8.899725
3,3,2024-12-15,8,9.832227
3,3,2024-12-16,16,9.528613
3,3,2024-12-17,4,9.440839
3,3,2024-12-18,7,8.675021
3,3,2024-12-19,2,9.098201
3,3,2024-12-20,17,9.0
3,3,2024-12-21,11,10.871507
3,3,2024-12-22,5,10.020593
3,3,2024-12-23,8,10.204932
3,3,2024-12-24,6,9.196966
3,3,2024-12-25,6,9.254103
3,3,2024-12-26,12,9.068076
3,3,2024-12-27,5,10.634797
3,3,2024-12-28,7,9.364282
3,3,2024-12-29,6,8.955296
3,3,2024-12-30,6,9.119483
3,3,2024-12-31,17,8.965091
