date,color,size,y_true,y_pred
2024-01-01,2,2,1,8.623991
2024-01-02,2,2,3,6.570904
2024-01-03,2,2,14,8.521991
2024-01-04,2,2,0,6.2003727
2024-01-05,2,2,5,5.7450633
2024-01-06,2,2,23,11.301197
2024-01-07,2,2,4,11.053538
2024-01-08,2,2,6,8.129592
2024-01-09,2,2,2,8.643222
2024-01-10,2,2,9,6.162553
2024-01-11,2,2,6,6.214074
2024-01-12,2,2,14,6.1332235
2024-01-13,2,2,12,10.845324
2024-01-14,2,2,9,9.417474
2024-01-15,2,2,10,6.5282807
2024-01-16,2,2,6,6.659491
2024-01-17,2,2,6,8.200908
2024-01-18,2,2,10,8.242404
2024-01-19,2,2,6,7.2542067
2024-01-20,2,2,19,11.019914
2024-01-21,2,2,19,11.0174
2024-01-22,2,2,4,8.322042
2024-01-23,2,2,3,6.829445
2024-01-24,2,2,6,6.4670734
2024-01-25,2,2,3,6.441442
2024-01-26,2,2,3,6.4342074
2024-01-27,2,2,15,9.834189
2024-01-28,2,2,7,8.960652
2024-01-29,2,2,13,8.526991
2024-01-30,2,2,6,6.5633807
2024-01-31,2,2,7,9.936781
2024-02-01,2,2,7,6.18166
2024-02-02,2,2,10,6.6506605
2024-02-03,2,2,14,8.852654
2024-02-04,2,2,9,9.585101
2024-02-05,2,2,10,8.509975
2024-02-06,2,2,6,6.51475
2024-02-07,2,2,3,6.8572636
2024-02-08,2,2,8,8.216199
2024-02-09,2,2,9,6.962929
2024-02-10,2,2,9,9.989265
2024-02-11,2,2,2,9.551865
2024-02-12,2,2,5,6.681357
2024-02-13,2,2,6,8.948224
2024-02-14,2,2,0,8.686174
2024-02-15,2,2,0,8.195349
2024-02-16,2,2,6,8.225398
2024-02-17,2,2,4,10.182818
2024-02-18,2,2,7,9.336836
2024-02-19,2,2,10,6.9718456
2024-02-20,2,2,14,9.748089
2024-02-21,2,2,7,9.9151325
2024-02-22,2,2,0,9.130775
2024-02-23,2,2,8,6.7708693
2024-02-24,2,2,7,8.301028
2024-02-25,2,2,5,7.8221197
2024-02-26,2,2,4,9.167478
2024-02-27,2,2,12,7.571796
2024-02-28,2,2,10,9.898095
2024-02-29,2,2,16,8.708622
2024-03-01,2,2,4,9.527441
2024-03-02,2,2,5,10.76421
2024-03-03,2,2,4,10.998554
2024-03-04,2,2,16,8.768113
2024-03-05,2,2,13,8.728913
2024-03-06,2,2,9,7.529096
2024-03-07,2,2,6,9.120313
2024-03-08,2,2,16,7.3245373
2024-03-09,2,2,12,9.762938
2024-03-10,2,2,14,11.161876
2024-03-11,2,2,5,7.747096
2024-03-12,2,2,4,7.033173
2024-03-13,2,2,10,7.490771
2024-03-14,2,2,8,11.638527
2024-03-15,2,2,0,7.261826
2024-03-16,2,2,3,10.347874
2024-03-17,2,2,8,13.61626
2024-03-18,2,2,10,8.350837
2024-03-19,2,2,0,7.67537
2024-03-20,2,2,0,7.0712004
2024-03-21,2,2,2,7.3885193
2024-03-22,2,2,17,11.256587
2024-03-23,2,2,17,11.283425
2024-03-24,2,2,11,14.307922
2024-03-25,2,2,13,9.221542
2024-03-26,2,2,6,7.7299857
2024-03-27,2,2,14,12.0191145
2024-03-28,2,2,16,11.51596
2024-03-29,2,2,6,8.757926
2024-03-30,2,2,25,17.931826
2024-03-31,2,2,6,11.173179
2024-04-01,2,2,10,8.322669
2024-04-02,2,2,0,8.705969
2024-04-03,2,2,11,10.435016
2024-04-04,2,2,11,10.004751
2024-04-05,2,2,10,6.517135
2024-04-06,2,2,5,9.204597
2024-04-07,2,2,10,13.983726
2024-04-08,2,2,12,7.372586
2024-04-09,2,2,10,10.145425
2024-04-10,2,2,13,7.326412
2024-04-11,2,2,13,10.566413
2024-04-12,2,2,11,8.344351
2024-04-13,2,2,13,11.261138
2024-04-14,2,2,14,11.898457
2024-04-15,2,2,5,10.66201
2024-04-16,2,2,9,7.8315287
2024-04-17,2,2,6,8.618137
2024-04-18,2,2,4,9.174063
2024-04-19,2,2,15,6.887244
2024-04-20,2,2,6,9.575373
2024-04-21,2,2,18,13.024736
2024-04-22,2,2,4,10.509596
2024-04-23,2,2,1,10.137108
2024-04-24,2,2,7,7.6473885
2024-04-25,2,2,7,6.783932
2024-04-26,2,2,18,10.49466
2024-04-27,2,2,18,13.498345
2024-04-28,2,2,15,14.815692
2024-04-29,2,2,4,10.32762
2024-04-30,2,2,3,10.285763
2024-05-01,2,2,3,7.1857705
2024-05-02,2,2,11,10.230351
2024-05-03,2,2,4,5.8599257
2024-05-04,2,2,11,10.491497
2024-05-05,2,2,11,8.6487875
2024-05-06,2,2,7,6.788806
2024-05-07,2,2,15,7.773737
2024-05-08,2,2,0,7.4653096
2024-05-09,2,2,6,9.969664
2024-05-10,2,2,12,10.125881
2024-05-11,2,2,3,11.11243
2024-05-12,2,2,0,10.554402
2024-05-13,2,2,11,8.633732
2024-05-14,2,2,4,8.920617
2024-05-15,2,2,16,7.7983727
2024-05-16,2,2,6,7.965214
2024-05-17,2,2,22,7.197781
2024-05-18,2,2,22,8.517175
2024-05-19,2,2,19,17.330904
2024-05-20,2,2,8,9.557821
2024-05-21,2,2,2,8.457928
2024-05-22,2,2,11,7.004348
2024-05-23,2,2,10,8.983744
2024-05-24,2,2,12,10.7908
2024-05-25,2,2,16,8.783928
2024-05-26,2,2,4,10.267039
2024-05-27,2,2,12,11.227224
2024-05-28,2,2,12,10.503344
2024-05-29,2,2,0,7.9855094
2024-05-30,2,2,11,11.799952
2024-05-31,2,2,4,10.253889
2024-06-01,2,2,3,17.885963
2024-06-02,2,2,27,18.016903
2024-06-03,2,2,5,8.930566
2024-06-04,2,2,24,9.25588
2024-06-05,2,2,10,8.614489
2024-06-06,2,2,12,12.526576
2024-06-07,2,2,26,10.592073
2024-06-08,2,2,22,14.437088
2024-06-09,2,2,5,15.349715
2024-06-10,2,2,7,12.486654
2024-06-11,2,2,9,8.512818
2024-06-12,2,2,5,8.995207
2024-06-13,2,2,13,8.340538
2024-06-14,2,2,14,8.283352
2024-06-15,2,2,11,17.199055
2024-06-16,2,2,7,16.196413
2024-06-17,2,2,8,10.919209
2024-06-18,2,2,18,14.167461
2024-06-19,2,2,11,14.405036
2024-06-20,2,2,9,13.509684
2024-06-21,2,2,7,11.004723
2024-06-22,2,2,10,13.852363
2024-06-23,2,2,28,19.692873
2024-06-24,2,2,18,11.083408
2024-06-25,2,2,1,12.156168
2024-06-26,2,2,0,16.165758
2024-06-27,2,2,10,10.143092
2024-06-28,2,2,3,9.501554
2024-06-29,2,2,22,23.799376
2024-06-30,2,2,19,15.5124655
2024-07-01,2,2,10,12.319022
2024-07-02,2,2,8,10.326713
2024-07-03,2,2,7,10.878545
2024-07-04,2,2,13,14.143292
2024-07-05,2,2,16,14.551172
2024-07-06,2,2,26,22.042904
2024-07-07,2,2,8,13.500569
2024-07-08,2,2,22,12.550352
2024-07-09,2,2,8,11.984869
2024-07-10,2,2,10,8.464425
2024-07-11,2,2,15,8.694563
2024-07-12,2,2,12,9.78239
2024-07-13,2,2,26,16.21742
2024-07-14,2,2,7,9.213767
2024-07-15,2,2,16,12.739125
2024-07-16,2,2,14,13.201855
2024-07-17,2,2,5,12.910537
2024-07-18,2,2,7,9.231092
2024-07-19,2,2,5,7.7565103
2024-07-20,2,2,19,16.17964
2024-07-21,2,2,36,15.105253
2024-07-22,2,2,15,14.112925
2024-07-23,2,2,10,12.996199
2024-07-24,2,2,20,12.996085
2024-07-25,2,2,17,14.543776
2024-07-26,2,2,9,11.836811
2024-07-27,2,2,9,17.391722
2024-07-28,2,2,26,11.448597
2024-07-29,2,2,7,13.16445
2024-07-30,2,2,15,11.616849
2024-07-31,2,2,12,11.2329445
2024-08-01,2,2,8,13.474258
2024-08-02,2,2,9,8.325894
2024-08-03,2,2,18,15.201918
2024-08-04,2,2,9,16.786642
2024-08-05,2,2,10,8.508265
2024-08-06,2,2,8,10.453891
2024-08-07,2,2,14,11.354229
2024-08-08,2,2,21,14.269726
2024-08-09,2,2,15,13.782216
2024-08-10,2,2,15,11.084183
2024-08-11,2,2,19,16.964176
2024-08-12,2,2,23,15.522594
2024-08-13,2,2,15,15.960954
2024-08-14,2,2,11,14.2899885
2024-08-15,2,2,28,16.230238
2024-08-16,2,2,16,8.8600645
2024-08-17,2,2,9,19.385712
2024-08-18,2,2,14,11.599975
2024-08-19,2,2,12,7.970133
2024-08-20,2,2,8,14.034833
2024-08-21,2,2,16,9.298338
2024-08-22,2,2,7,13.344507
2024-08-23,2,2,11,13.12855
2024-08-24,2,2,16,10.795471
2024-08-25,2,2,0,20.806482
2024-08-26,2,2,6,8.199911
2024-08-27,2,2,7,9.567419
2024-08-28,2,2,0,11.8440695
2024-08-29,2,2,11,11.668711
2024-08-30,2,2,3,8.173642
2024-08-31,2,2,5,16.95866
2024-09-01,2,2,16,15.399925
2024-09-02,2,2,11,9.474043
2024-09-03,2,2,6,8.092041
2024-09-04,2,2,19,7.9402547
2024-09-05,2,2,4,7.118699
2024-09-06,2,2,14,6.961052
2024-09-07,2,2,12,12.29099
2024-09-08,2,2,18,11.968656
2024-09-09,2,2,0,8.93735
2024-09-10,2,2,18,9.515801
2024-09-11,2,2,5,8.385541
2024-09-12,2,2,9,7.5103807
2024-09-13,2,2,14,7.816192
2024-09-14,2,2,13,14.410085
2024-09-15,2,2,11,13.72346
2024-09-16,2,2,14,5.398861
2024-09-17,2,2,8,8.14012
2024-09-18,2,2,14,6.7299275
2024-09-19,2,2,9,5.734828
2024-09-20,2,2,4,6.0406394
2024-09-21,2,2,6,10.396307
2024-09-22,2,2,16,13.367274
2024-09-23,2,2,9,5.1050057
2024-09-24,2,2,10,9.086129
2024-09-25,2,2,4,8.724385
2024-09-26,2,2,7,7.579089
2024-09-27,2,2,10,5.421945
2024-09-28,2,2,3,11.124956
2024-09-29,2,2,20,9.834119
2024-09-30,2,2,8,9.730396
2024-10-01,2,2,5,8.632566
2024-10-02,2,2,14,9.688084
2024-10-03,2,2,6,6.751054
2024-10-04,2,2,10,7.0809417
2024-10-05,2,2,2,12.301925
2024-10-06,2,2,10,11.759385
2024-10-07,2,2,7,8.808546
2024-10-08,2,2,12,8.571461
2024-10-09,2,2,11,9.225558
2024-10-10,2,2,5,7.5016603
2024-10-11,2,2,7,6.2704425
2024-10-12,2,2,6,13.780926
2024-10-13,2,2,16,11.472172
2024-10-14,2,2,19,9.900069
2024-10-15,2,2,2,10.654845
2024-10-16,2,2,10,8.247092
2024-10-17,2,2,9,7.034579
2024-10-18,2,2,2,6.979854
2024-10-19,2,2,13,12.73897
2024-10-20,2,2,10,11.032251
2024-10-21,2,2,5,9.900427
2024-10-22,2,2,4,9.130298
2024-10-23,2,2,14,10.57242
2024-10-24,2,2,6,6.890528
2024-10-25,2,2,9,8.657508
2024-10-26,2,2,17,9.866122
2024-10-27,2,2,0,10.374293
2024-10-28,2,2,7,11.469173
2024-10-29,2,2,8,9.237671
2024-10-30,2,2,10,7.932359
2024-10-31,2,2,12,6.4926157
2024-11-01,2,2,10,6.696933
2024-11-02,2,2,12,8.94134
2024-11-03,2,2,31,13.358225
2024-11-04,2,2,4,6.7218957
2024-11-05,2,2,14,10.042341
2024-11-06,2,2,0,10.303682
2024-11-07,2,2,8,5.8484397
2024-11-08,2,2,22,7.858572
2024-11-09,2,2,4,12.199845
2024-11-10,2,2,9,11.520415
2024-11-11,2,2,7,6.821613
2024-11-12,2,2,0,9.450055
2024-11-13,2,2,3,8.751079
2024-11-14,2,2,4,9.530273
2024-11-15,2,2,9,8.31794
2024-11-16,2,2,11,15.039309
2024-11-17,2,2,11,10.676105
2024-11-18,2,2,9,9.16395
2024-11-19,2,2,0,8.437802
2024-11-20,2,2,13,7.3219247
2024-11-21,2,2,14,6.1539087
2024-11-22,2,2,12,6.4749765
2024-11-23,2,2,14,15.198077
2024-11-24,2,2,19,11.829355
2024-11-25,2,2,2,8.102215
2024-11-26,2,2,14,9.567636
2024-11-27,2,2,11,8.195301
2024-11-28,2,2,0,9.456075
2024-11-29,2,2,13,8.96689
2024-11-30,2,2,11,14.107675
2024-12-01,2,2,7,10.424549
2024-12-02,2,2,5,5.6555343
2024-12-03,2,2,6,4.8077083
2024-12-04,2,2,8,7.614821
2024-12-05,2,2,6,4.6595664
2024-12-06,2,2,8,6.3825126
2024-12-07,2,2,6,7.311176
2024-12-08,2,2,10,8.5438385
2024-12-09,2,2,12,7.3565855
2024-12-10,2,2,3,7.5950284
2024-12-11,2,2,0,9.1453705
2024-12-12,2,2,8,7.59653
2024-12-13,2,2,4,7.795616
2024-12-14,2,2,14,10.972439
2024-12-15,2,2,8,9.004005
2024-12-16,2,2,16,8.887863
2024-12-17,2,2,4,7.765673
2024-12-18,2,2,7,7.6212306
2024-12-19,2,2,2,8.6236
2024-12-20,2,2,17,8.559397
2024-12-21,2,2,11,9.579771
2024-12-22,2,2,5,12.616293
2024-12-23,2,2,8,6.623708
2024-12-24,2,2,6,6.9142594
2024-12-25,2,2,6,6.118108
2024-12-26,2,2,12,5.545749
2024-12-27,2,2,5,6.217451
2024-12-28,2,2,7,8.636367
2024-12-29,2,2,6,10.7285595
2024-12-30,2,2,6,8.584294
2024-12-31,2,2,17,9.368547
2024-01-01,2,0,6,6.1962094
2024-01-02,2,0,10,6.218496
2024-01-03,2,0,10,6.745835
2024-01-04,2,0,5,6.0799713
2024-01-05,2,0,9,7.104032
2024-01-06,2,0,9,8.941571
2024-01-07,2,0,0,11.169002
2024-01-08,2,0,1,8.338906
2024-01-09,2,0,4,6.1274743
2024-01-10,2,0,6,6.6178026
2024-01-11,2,0,9,8.149727
2024-01-12,2,0,5,6.351669
2024-01-13,2,0,9,11.2619915
2024-01-14,2,0,7,8.785736
2024-01-15,2,0,6,8.333335
2024-01-16,2,0,9,6.0398207
2024-01-17,2,0,2,6.6505666
2024-01-18,2,0,7,8.217153
2024-01-19,2,0,1,6.3369007
2024-01-20,2,0,20,10.476849
2024-01-21,2,0,9,10.078933
2024-01-22,2,0,1,6.347915
2024-01-23,2,0,7,6.3179173
2024-01-24,2,0,4,9.435123
2024-01-25,2,0,7,6.260978
2024-01-26,2,0,3,8.439522
2024-01-27,2,0,16,9.394348
2024-01-28,2,0,3,10.516762
2024-01-29,2,0,1,5.746086
2024-01-30,2,0,6,4.7807302
2024-01-31,2,0,6,5.7108545
2024-02-01,2,0,7,4.518279
2024-02-02,2,0,1,6.3748264
2024-02-03,2,0,7,7.607905
2024-02-04,2,0,4,9.398649
2024-02-05,2,0,2,6.611745
2024-02-06,2,0,11,8.36768
2024-02-07,2,0,10,11.330597
2024-02-08,2,0,9,8.104882
2024-02-09,2,0,2,7.8212404
2024-02-10,2,0,0,9.967949
2024-02-11,2,0,1,10.039805
2024-02-12,2,0,4,8.796636
2024-02-13,2,0,5,9.286436
2024-02-14,2,0,9,9.031503
2024-02-15,2,0,7,6.4943256
2024-02-16,2,0,2,6.575934
2024-02-17,2,0,21,10.707326
2024-02-18,2,0,1,9.657556
2024-02-19,2,0,3,7.4353566
2024-02-20,2,0,9,10.017501
2024-02-21,2,0,9,10.080854
2024-02-22,2,0,6,6.96981
2024-02-23,2,0,5,10.137741
2024-02-24,2,0,5,8.989291
2024-02-25,2,0,11,9.267633
2024-02-26,2,0,5,8.976535
2024-02-27,2,0,4,8.758987
2024-02-28,2,0,15,10.372735
2024-02-29,2,0,8,9.4094925
2024-03-01,2,0,0,9.444512
2024-03-02,2,0,18,10.820846
2024-03-03,2,0,4,11.062259
2024-03-04,2,0,10,7.2342186
2024-03-05,2,0,4,9.225258
2024-03-06,2,0,13,7.800156
2024-03-07,2,0,7,7.916208
2024-03-08,2,0,9,8.204463
2024-03-09,2,0,9,10.416951
2024-03-10,2,0,10,10.179902
2024-03-11,2,0,5,9.948039
2024-03-12,2,0,5,6.96082
2024-03-13,2,0,10,7.6659756
2024-03-14,2,0,14,7.9589972
2024-03-15,2,0,9,8.0611
2024-03-16,2,0,5,14.935302
2024-03-17,2,0,9,11.61671
2024-03-18,2,0,6,8.803358
2024-03-19,2,0,7,10.540917
2024-03-20,2,0,13,11.754105
2024-03-21,2,0,9,8.54803
2024-03-22,2,0,4,9.606611
2024-03-23,2,0,5,11.068594
2024-03-24,2,0,16,12.88132
2024-03-25,2,0,2,10.560622
2024-03-26,2,0,10,10.134448
2024-03-27,2,0,11,7.949168
2024-03-28,2,0,14,10.919678
2024-03-29,2,0,11,8.869933
2024-03-30,2,0,16,9.546045
2024-03-31,2,0,18,18.16557
2024-04-01,2,0,4,9.89361
2024-04-02,2,0,10,7.1858835
2024-04-03,2,0,8,11.422537
2024-04-04,2,0,8,9.957008
2024-04-05,2,0,8,9.894798
2024-04-06,2,0,25,11.630603
2024-04-07,2,0,8,11.283985
2024-04-08,2,0,0,8.984187
2024-04-09,2,0,10,7.085221
2024-04-10,2,0,11,7.670276
2024-04-11,2,0,11,10.915875
2024-04-12,2,0,14,7.046607
2024-04-13,2,0,13,9.289675
2024-04-14,2,0,13,9.977707
2024-04-15,2,0,10,11.539095
2024-04-16,2,0,10,11.13574
2024-04-17,2,0,15,10.33308
2024-04-18,2,0,12,10.108721
2024-04-19,2,0,11,10.314601
2024-04-20,2,0,15,11.561975
2024-04-21,2,0,16,12.160026
2024-04-22,2,0,5,8.91653
2024-04-23,2,0,15,10.050164
2024-04-24,2,0,6,8.181988
2024-04-25,2,0,10,7.580499
2024-04-26,2,0,3,10.742128
2024-04-27,2,0,0,10.810356
2024-04-28,2,0,17,10.578529
2024-04-29,2,0,14,8.602298
2024-04-30,2,0,0,9.747518
2024-05-01,2,0,10,8.084702
2024-05-02,2,0,12,10.074534
2024-05-03,2,0,8,9.309332
2024-05-04,2,0,13,12.639348
2024-05-05,2,0,7,9.659989
2024-05-06,2,0,17,8.964625
2024-05-07,2,0,8,10.254572
2024-05-08,2,0,8,6.836016
2024-05-09,2,0,12,9.913679
2024-05-10,2,0,3,10.121346
2024-05-11,2,0,18,13.414138
2024-05-12,2,0,11,13.007733
2024-05-13,2,0,4,7.6351213
2024-05-14,2,0,8,7.5778394
2024-05-15,2,0,10,8.943147
2024-05-16,2,0,15,9.165845
2024-05-17,2,0,4,6.233332
2024-05-18,2,0,22,8.210339
2024-05-19,2,0,4,13.154188
2024-05-20,2,0,11,8.117701
2024-05-21,2,0,5,9.032869
2024-05-22,2,0,5,9.317367
2024-05-23,2,0,15,8.0325165
2024-05-24,2,0,0,6.4054136
2024-05-25,2,0,17,10.501237
2024-05-26,2,0,20,11.238126
2024-05-27,2,0,7,8.242359
2024-05-28,2,0,8,7.7280188
2024-05-29,2,0,16,7.6067715
2024-05-30,2,0,10,8.940918
2024-05-31,2,0,14,9.047125
2024-06-01,2,0,9,16.879057
2024-06-02,2,0,14,15.842479
2024-06-03,2,0,11,9.934344
2024-06-04,2,0,7,9.583421
2024-06-05,2,0,9,9.623629
2024-06-06,2,0,13,12.370079
2024-06-07,2,0,0,11.034248
2024-06-08,2,0,11,18.23625
2024-06-09,2,0,24,19.427788
2024-06-10,2,0,6,11.327194
2024-06-11,2,0,11,12.9725685
2024-06-12,2,0,13,12.272991
2024-06-13,2,0,26,10.34319
2024-06-14,2,0,10,8.569387
2024-06-15,2,0,17,17.86315
2024-06-16,2,0,26,12.11077
2024-06-17,2,0,20,6.723311
2024-06-18,2,0,11,8.466004
2024-06-19,2,0,16,13.629027
2024-06-20,2,0,15,11.791599
2024-06-21,2,0,8,10.713196
2024-06-22,2,0,16,9.622059
2024-06-23,2,0,22,13.859028
2024-06-24,2,0,5,6.768781
2024-06-25,2,0,15,13.322312
2024-06-26,2,0,4,14.692613
2024-06-27,2,0,9,10.854302
2024-06-28,2,0,7,10.358289
2024-06-29,2,0,26,8.8304
2024-06-30,2,0,16,15.238769
2024-07-01,2,0,18,10.880687
2024-07-02,2,0,22,9.872287
2024-07-03,2,0,8,12.111236
2024-07-04,2,0,18,14.557809
2024-07-05,2,0,9,12.218692
2024-07-06,2,0,10,16.563375
2024-07-07,2,0,21,17.840437
2024-07-08,2,0,19,7.872843
2024-07-09,2,0,10,11.791786
2024-07-10,2,0,13,10.485088
2024-07-11,2,0,8,10.185725
2024-07-12,2,0,15,11.9132805
2024-07-13,2,0,9,15.931188
2024-07-14,2,0,22,11.961247
2024-07-15,2,0,11,10.683113
2024-07-16,2,0,3,7.9286413
2024-07-17,2,0,14,7.878748
2024-07-18,2,0,18,9.591108
2024-07-19,2,0,12,10.536535
2024-07-20,2,0,5,17.507822
2024-07-21,2,0,8,11.897376
2024-07-22,2,0,9,12.431342
2024-07-23,2,0,23,10.189711
2024-07-24,2,0,3,10.660201
2024-07-25,2,0,14,10.535958
2024-07-26,2,0,11,7.664327
2024-07-27,2,0,24,17.410658
2024-07-28,2,0,15,10.351585
2024-07-29,2,0,15,8.259805
2024-07-30,2,0,8,7.9526157
2024-07-31,2,0,7,8.138939
2024-08-01,2,0,14,15.2875185
2024-08-02,2,0,12,13.904662
2024-08-03,2,0,16,14.312355
2024-08-04,2,0,22,12.246573
2024-08-05,2,0,13,12.272055
2024-08-06,2,0,18,11.017779
2024-08-07,2,0,7,10.971765
2024-08-08,2,0,23,15.574589
2024-08-09,2,0,17,12.159382
2024-08-10,2,0,20,11.996512
2024-08-11,2,0,15,15.415881
2024-08-12,2,0,14,15.449659
2024-08-13,2,0,14,6.1823196
2024-08-14,2,0,8,15.239682
2024-08-15,2,0,14,17.701334
2024-08-16,2,0,12,15.942978
2024-08-17,2,0,7,15.779916
2024-08-18,2,0,20,22.098679
2024-08-19,2,0,8,9.043329
2024-08-20,2,0,8,11.981636
2024-08-21,2,0,10,11.447789
2024-08-22,2,0,9,13.654141
2024-08-23,2,0,30,12.928741
2024-08-24,2,0,9,10.554262
2024-08-25,2,0,15,17.004595
2024-08-26,2,0,13,11.675208
2024-08-27,2,0,8,11.908364
2024-08-28,2,0,18,9.274553
2024-08-29,2,0,18,11.460289
2024-08-30,2,0,8,11.1241865
2024-08-31,2,0,0,14.732171
2024-09-01,2,0,9,10.207237
2024-09-02,2,0,18,7.718603
2024-09-03,2,0,12,6.521614
2024-09-04,2,0,14,9.017449
2024-09-05,2,0,5,10.833431
2024-09-06,2,0,12,9.704381
2024-09-07,2,0,11,13.521229
2024-09-08,2,0,6,9.866387
2024-09-09,2,0,3,9.294344
2024-09-10,2,0,14,9.657756
2024-09-11,2,0,8,6.500777
2024-09-12,2,0,3,9.870561
2024-09-13,2,0,8,10.407678
2024-09-14,2,0,11,13.008854
2024-09-15,2,0,20,12.184533
2024-09-16,2,0,5,7.449348
2024-09-17,2,0,12,7.6227765
2024-09-18,2,0,11,6.6939726
2024-09-19,2,0,3,7.975695
2024-09-20,2,0,9,10.813007
2024-09-21,2,0,9,11.260911
2024-09-22,2,0,5,10.280691
2024-09-23,2,0,10,8.075734
2024-09-24,2,0,3,7.6180854
2024-09-25,2,0,13,8.578549
2024-09-26,2,0,14,7.895055
2024-09-27,2,0,10,10.075246
2024-09-28,2,0,6,13.890802
2024-09-29,2,0,9,11.620134
2024-09-30,2,0,10,7.113678
2024-10-01,2,0,7,9.471314
2024-10-02,2,0,5,9.761577
2024-10-03,2,0,11,10.227324
2024-10-04,2,0,6,9.517512
2024-10-05,2,0,24,12.424904
2024-10-06,2,0,16,8.978067
2024-10-07,2,0,15,6.508752
2024-10-08,2,0,21,8.65239
2024-10-09,2,0,6,8.488399
2024-10-10,2,0,5,7.680192
2024-10-11,2,0,9,7.3950925
2024-10-12,2,0,16,8.781968
2024-10-13,2,0,16,8.876377
2024-10-14,2,0,4,9.781032
2024-10-15,2,0,5,10.840918
2024-10-16,2,0,14,11.2021265
2024-10-17,2,0,3,9.758369
2024-10-18,2,0,18,9.309463
2024-10-19,2,0,20,12.270003
2024-10-20,2,0,8,11.997916
2024-10-21,2,0,18,10.130739
2024-10-22,2,0,8,10.852362
2024-10-23,2,0,9,10.786745
2024-10-24,2,0,18,10.309521
2024-10-25,2,0,13,9.461235
2024-10-26,2,0,15,9.2673025
2024-10-27,2,0,5,11.306942
2024-10-28,2,0,4,10.095837
2024-10-29,2,0,9,11.087909
2024-10-30,2,0,16,10.892136
2024-10-31,2,0,5,10.224578
2024-11-01,2,0,7,8.801081
2024-11-02,2,0,13,9.143723
2024-11-03,2,0,18,12.054144
2024-11-04,2,0,0,8.492471
2024-11-05,2,0,9,7.8590374
2024-11-06,2,0,10,11.573911
2024-11-07,2,0,11,7.021983
2024-11-08,2,0,7,7.6901755
2024-11-09,2,0,20,14.86968
2024-11-10,2,0,22,11.291887
2024-11-11,2,0,6,8.958513
2024-11-12,2,0,0,10.256231
2024-11-13,2,0,5,9.138565
2024-11-14,2,0,4,8.076113
2024-11-15,2,0,4,8.108828
2024-11-16,2,0,2,13.54117
2024-11-17,2,0,18,10.699392
2024-11-18,2,0,11,10.708262
2024-11-19,2,0,9,12.435739
2024-11-20,2,0,7,13.837496
2024-11-21,2,0,19,10.424793
2024-11-22,2,0,11,9.562735
2024-11-23,2,0,11,9.260031
2024-11-24,2,0,20,10.659534
2024-11-25,2,0,17,9.717067
2024-11-26,2,0,14,10.052108
2024-11-27,2,0,4,7.960459
2024-11-28,2,0,9,10.402621
2024-11-29,2,0,8,7.0626388
2024-11-30,2,0,10,12.35152
2024-12-01,2,0,9,9.358166
2024-12-02,2,0,2,7.4840646
2024-12-03,2,0,6,8.665363
2024-12-04,2,0,10,4.7721906
2024-12-05,2,0,6,4.984348
2024-12-06,2,0,12,6.9726686
2024-12-07,2,0,13,8.0559
2024-12-08,2,0,9,7.906935
2024-12-09,2,0,9,8.597923
2024-12-10,2,0,4,7.001283
2024-12-11,2,0,11,7.3664103
2024-12-12,2,0,0,9.689301
2024-12-13,2,0,6,7.5616937
2024-12-14,2,0,18,11.566417
2024-12-15,2,0,6,10.044663
2024-12-16,2,0,7,7.5595694
2024-12-17,2,0,10,7.68182
2024-12-18,2,0,10,11.048644
2024-12-19,2,0,8,9.837279
2024-12-20,2,0,4,7.8578506
2024-12-21,2,0,13,12.869223
2024-12-22,2,0,10,9.044031
2024-12-23,2,0,2,6.4038243
2024-12-24,2,0,6,5.755087
2024-12-25,2,0,6,6.5343714
2024-12-26,2,0,1,7.554669
2024-12-27,2,0,6,6.1879115
2024-12-28,2,0,16,8.976588
2024-12-29,2,0,12,8.780616
2024-12-30,2,0,5,9.057522
2024-12-31,2,0,4,9.9675045
2024-01-01,2,1,4,5.928555
2024-01-02,2,1,9,9.922424
2024-01-03,2,1,4,8.920161
2024-01-04,2,1,4,5.862445
2024-01-05,2,1,6,5.1757865
2024-01-06,2,1,5,11.042234
2024-01-07,2,1,11,8.346852
2024-01-08,2,1,10,6.104478
2024-01-09,2,1,10,8.822501
2024-01-10,2,1,5,7.656181
2024-01-11,2,1,7,7.655228
2024-01-12,2,1,4,5.6228304
2024-01-13,2,1,9,10.769647
2024-01-14,2,1,18,10.498979
2024-01-15,2,1,7,6.3684874
2024-01-16,2,1,6,6.5343685
2024-01-17,2,1,11,6.092288
2024-01-18,2,1,11,7.722655
2024-01-19,2,1,9,6.734068
2024-01-20,2,1,14,8.084461
2024-01-21,2,1,0,10.394522
2024-01-22,2,1,4,6.279699
2024-01-23,2,1,8,9.16516
2024-01-24,2,1,13,6.0844717
2024-01-25,2,1,15,7.970969
2024-01-26,2,1,8,5.7425795
2024-01-27,2,1,15,9.775099
2024-01-28,2,1,5,9.488222
2024-01-29,2,1,10,5.374212
2024-01-30,2,1,2,5.119045
2024-01-31,2,1,2,8.904768
2024-02-01,2,1,6,7.769891
2024-02-02,2,1,12,8.008389
2024-02-03,2,1,2,9.96128
2024-02-04,2,1,11,8.344178
2024-02-05,2,1,7,6.246877
2024-02-06,2,1,9,5.7542396
2024-02-07,2,1,11,9.059197
2024-02-08,2,1,9,7.8072567
2024-02-09,2,1,8,5.9533663
2024-02-10,2,1,7,10.251099
2024-02-11,2,1,13,9.727086
2024-02-12,2,1,15,6.9459553
2024-02-13,2,1,9,6.730758
2024-02-14,2,1,13,8.611144
2024-02-15,2,1,0,8.094823
2024-02-16,2,1,9,7.963046
2024-02-17,2,1,12,10.833902
2024-02-18,2,1,6,9.673811
2024-02-19,2,1,2,7.4484386
2024-02-20,2,1,7,7.2332416
2024-02-21,2,1,6,6.772361
2024-02-22,2,1,11,6.415419
2024-02-23,2,1,3,9.252408
2024-02-24,2,1,12,9.115868
2024-02-25,2,1,2,9.381151
2024-02-26,2,1,11,9.006124
2024-02-27,2,1,12,8.94763
2024-02-28,2,1,2,8.637353
2024-02-29,2,1,11,8.275008
2024-03-01,2,1,5,9.143099
2024-03-02,2,1,14,10.966092
2024-03-03,2,1,11,12.187961
2024-03-04,2,1,6,6.9524856
2024-03-05,2,1,9,6.43549
2024-03-06,2,1,14,9.094001
2024-03-07,2,1,13,8.010794
2024-03-08,2,1,5,9.175625
2024-03-09,2,1,11,10.145571
2024-03-10,2,1,0,9.531286
2024-03-11,2,1,7,7.6970773
2024-03-12,2,1,13,6.5857925
2024-03-13,2,1,0,7.015954
2024-03-14,2,1,4,9.643772
2024-03-15,2,1,3,6.891604
2024-03-16,2,1,20,10.826921
2024-03-17,2,1,11,16.39527
2024-03-18,2,1,8,8.481607
2024-03-19,2,1,7,9.290084
2024-03-20,2,1,7,6.978187
2024-03-21,2,1,9,9.548662
2024-03-22,2,1,18,10.1462555
2024-03-23,2,1,8,11.058781
2024-03-24,2,1,15,10.018742
2024-03-25,2,1,15,9.744956
2024-03-26,2,1,2,7.2727914
2024-03-27,2,1,5,6.839642
2024-03-28,2,1,0,6.819855
2024-03-29,2,1,0,9.287932
2024-03-30,2,1,13,15.974449
2024-03-31,2,1,6,11.258846
2024-04-01,2,1,12,7.8027916
2024-04-02,2,1,0,6.0881615
2024-04-03,2,1,6,6.341473
2024-04-04,2,1,11,7.948737
2024-04-05,2,1,8,6.723072
2024-04-06,2,1,31,12.153153
2024-04-07,2,1,8,10.591134
2024-04-08,2,1,5,8.608416
2024-04-09,2,1,17,8.586431
2024-04-10,2,1,2,7.5229197
2024-04-11,2,1,12,8.007328
2024-04-12,2,1,5,7.3355937
2024-04-13,2,1,14,10.62216
2024-04-14,2,1,10,9.637765
2024-04-15,2,1,5,11.627371
2024-04-16,2,1,14,8.662355
2024-04-17,2,1,4,8.728448
2024-04-18,2,1,7,8.397006
2024-04-19,2,1,4,8.200194
2024-04-20,2,1,17,12.433028
2024-04-21,2,1,3,13.048295
2024-04-22,2,1,11,9.078424
2024-04-23,2,1,10,7.790325
2024-04-24,2,1,3,7.9079223
2024-04-25,2,1,7,6.6675954
2024-04-26,2,1,1,10.224384
2024-04-27,2,1,0,10.570196
2024-04-28,2,1,28,14.929242
2024-04-29,2,1,11,8.725545
2024-04-30,2,1,16,10.288616
2024-05-01,2,1,13,8.205224
2024-05-02,2,1,10,8.086329
2024-05-03,2,1,5,6.420794
2024-05-04,2,1,16,10.160544
2024-05-05,2,1,19,10.25832
2024-05-06,2,1,11,11.081506
2024-05-07,2,1,6,8.418583
2024-05-08,2,1,11,6.9520035
2024-05-09,2,1,10,10.020398
2024-05-10,2,1,6,9.930412
2024-05-11,2,1,18,15.727727
2024-05-12,2,1,4,12.098739
2024-05-13,2,1,10,8.804638
2024-05-14,2,1,9,9.202068
2024-05-15,2,1,4,8.08469
2024-05-16,2,1,7,7.5486827
2024-05-17,2,1,12,7.5622907
2024-05-18,2,1,14,9.290573
2024-05-19,2,1,11,10.027871
2024-05-20,2,1,3,10.177603
2024-05-21,2,1,19,10.273366
2024-05-22,2,1,7,6.794112
2024-05-23,2,1,9,9.064234
2024-05-24,2,1,11,9.110802
2024-05-25,2,1,19,16.476057
2024-05-26,2,1,3,18.145763
2024-05-27,2,1,11,9.8569565
2024-05-28,2,1,6,10.316515
2024-05-29,2,1,6,9.707314
2024-05-30,2,1,14,11.460029
2024-05-31,2,1,2,8.177084
2024-06-01,2,1,7,16.209064
2024-06-02,2,1,7,20.350264
2024-06-03,2,1,12,9.634861
2024-06-04,2,1,12,11.828901
2024-06-05,2,1,26,10.12236
2024-06-06,2,1,16,9.4924965
2024-06-07,2,1,0,10.337342
2024-06-08,2,1,8,15.594555
2024-06-09,2,1,16,22.95313
2024-06-10,2,1,11,12.65648
2024-06-11,2,1,22,15.149087
2024-06-12,2,1,12,13.41379
2024-06-13,2,1,21,8.81606
2024-06-14,2,1,5,9.738228
2024-06-15,2,1,20,16.467583
2024-06-16,2,1,11,18.863976
2024-06-17,2,1,15,6.7733316
2024-06-18,2,1,15,13.797214
2024-06-19,2,1,12,13.839098
2024-06-20,2,1,2,8.882998
2024-06-21,2,1,16,10.965446
2024-06-22,2,1,14,17.581684
2024-06-23,2,1,18,13.110303
2024-06-24,2,1,5,7.6250167
2024-06-25,2,1,18,13.825304
2024-06-26,2,1,2,9.76389
2024-06-27,2,1,11,9.886145
2024-06-28,2,1,19,12.677991
2024-06-29,2,1,9,11.189841
2024-06-30,2,1,19,17.155798
2024-07-01,2,1,8,8.69393
2024-07-02,2,1,0,9.535339
2024-07-03,2,1,19,11.299309
2024-07-04,2,1,14,11.9242
2024-07-05,2,1,8,8.067669
2024-07-06,2,1,6,12.304858
2024-07-07,2,1,8,14.301085
2024-07-08,2,1,10,11.904327
2024-07-09,2,1,8,11.63789
2024-07-10,2,1,18,10.44683
2024-07-11,2,1,10,11.121659
2024-07-12,2,1,15,11.834011
2024-07-13,2,1,19,11.21121
2024-07-14,2,1,12,11.336095
2024-07-15,2,1,12,11.360005
2024-07-16,2,1,12,9.491002
2024-07-17,2,1,0,9.807621
2024-07-18,2,1,9,11.981501
2024-07-19,2,1,16,10.30592
2024-07-20,2,1,19,16.121025
2024-07-21,2,1,18,15.803517
2024-07-22,2,1,0,10.175308
2024-07-23,2,1,15,9.635611
2024-07-24,2,1,10,12.242531
2024-07-25,2,1,12,12.926148
2024-07-26,2,1,17,10.429802
2024-07-27,2,1,14,16.22377
2024-07-28,2,1,23,10.441202
2024-07-29,2,1,1,7.9926863
2024-07-30,2,1,2,8.485492
2024-07-31,2,1,7,10.062983
2024-08-01,2,1,4,7.4689136
2024-08-02,2,1,17,9.780692
2024-08-03,2,1,14,10.143845
2024-08-04,2,1,16,16.708353
2024-08-05,2,1,12,8.67247
2024-08-06,2,1,21,10.241179
2024-08-07,2,1,3,9.969594
2024-08-08,2,1,11,8.508303
2024-08-09,2,1,14,11.603281
2024-08-10,2,1,21,11.500288
2024-08-11,2,1,16,12.328854
2024-08-12,2,1,16,15.154535
2024-08-13,2,1,16,15.79059
2024-08-14,2,1,23,15.352429
2024-08-15,2,1,5,7.724572
2024-08-16,2,1,6,13.54433
2024-08-17,2,1,14,11.675417
2024-08-18,2,1,7,10.204684
2024-08-19,2,1,0,8.757749
2024-08-20,2,1,20,9.896308
2024-08-21,2,1,15,12.3975115
2024-08-22,2,1,16,11.516535
2024-08-23,2,1,4,8.649554
2024-08-24,2,1,17,19.476
2024-08-25,2,1,19,20.53699
2024-08-26,2,1,12,10.482579
2024-08-27,2,1,9,11.119863
2024-08-28,2,1,8,9.872719
2024-08-29,2,1,1,8.166412
2024-08-30,2,1,7,8.24274
2024-08-31,2,1,17,10.947961
2024-09-01,2,1,12,10.221156
2024-09-02,2,1,12,7.527443
2024-09-03,2,1,9,7.965299
2024-09-04,2,1,5,7.6214657
2024-09-05,2,1,7,8.8094225
2024-09-06,2,1,12,7.6510577
2024-09-07,2,1,22,15.564548
2024-09-08,2,1,15,13.488876
2024-09-09,2,1,14,8.589606
2024-09-10,2,1,9,8.11898
2024-09-11,2,1,5,7.3960896
2024-09-12,2,1,12,7.885582
2024-09-13,2,1,8,8.393383
2024-09-14,2,1,0,10.270435
2024-09-15,2,1,9,10.74028
2024-09-16,2,1,8,6.747883
2024-09-17,2,1,10,8.928713
2024-09-18,2,1,8,9.171306
2024-09-19,2,1,8,8.347621
2024-09-20,2,1,7,6.9348745
2024-09-21,2,1,0,10.845002
2024-09-22,2,1,17,10.401383
2024-09-23,2,1,6,7.2644444
2024-09-24,2,1,6,9.150469
2024-09-25,2,1,13,8.454918
2024-09-26,2,1,3,7.548898
2024-09-27,2,1,8,7.805197
2024-09-28,2,1,5,15.896084
2024-09-29,2,1,13,12.180744
2024-09-30,2,1,15,8.140992
2024-10-01,2,1,10,10.043779
2024-10-02,2,1,11,8.986309
2024-10-03,2,1,4,8.470992
2024-10-04,2,1,0,8.7373495
2024-10-05,2,1,9,13.171286
2024-10-06,2,1,2,14.946778
2024-10-07,2,1,11,7.36065
2024-10-08,2,1,11,8.654945
2024-10-09,2,1,9,8.4291935
2024-10-10,2,1,11,5.8614
2024-10-11,2,1,4,6.078473
2024-10-12,2,1,17,13.711148
2024-10-13,2,1,4,12.749634
2024-10-14,2,1,8,9.641244
2024-10-15,2,1,11,10.49485
2024-10-16,2,1,11,10.981097
2024-10-17,2,1,14,8.580538
2024-10-18,2,1,2,7.8249073
2024-10-19,2,1,8,13.614639
2024-10-20,2,1,12,12.513439
2024-10-21,2,1,12,9.70753
2024-10-22,2,1,9,10.738361
2024-10-23,2,1,10,9.043736
2024-10-24,2,1,11,8.464316
2024-10-25,2,1,16,7.462517
2024-10-26,2,1,0,9.655374
2024-10-27,2,1,3,10.099634
2024-10-28,2,1,6,11.909316
2024-10-29,2,1,14,11.665468
2024-10-30,2,1,0,8.689943
2024-10-31,2,1,14,6.5066113
2024-11-01,2,1,15,8.222448
2024-11-02,2,1,18,18.063765
2024-11-03,2,1,13,9.370926
2024-11-04,2,1,9,9.576742
2024-11-05,2,1,12,11.409621
2024-11-06,2,1,15,7.701632
2024-11-07,2,1,5,9.138607
2024-11-08,2,1,3,7.666649
2024-11-09,2,1,12,12.795793
2024-11-10,2,1,2,12.0038805
2024-11-11,2,1,3,7.111704
2024-11-12,2,1,9,10.338524
2024-11-13,2,1,12,8.658191
2024-11-14,2,1,6,9.749965
2024-11-15,2,1,5,6.1668196
2024-11-16,2,1,14,16.091396
2024-11-17,2,1,10,11.365385
2024-11-18,2,1,9,10.087305
2024-11-19,2,1,9,7.94728
2024-11-20,2,1,7,6.5172577
2024-11-21,2,1,11,10.636068
2024-11-22,2,1,7,9.285068
2024-11-23,2,1,10,15.608768
2024-11-24,2,1,19,9.753643
2024-11-25,2,1,13,7.784471
2024-11-26,2,1,0,9.065222
2024-11-27,2,1,9,8.755345
2024-11-28,2,1,11,5.8838234
2024-11-29,2,1,16,8.973794
2024-11-30,2,1,11,14.360991
2024-12-01,2,1,6,10.130494
2024-12-02,2,1,10,7.6171184
2024-12-03,2,1,3,8.792096
2024-12-04,2,1,6,5.279342
2024-12-05,2,1,4,4.525723
2024-12-06,2,1,10,4.809005
2024-12-07,2,1,10,7.0783596
2024-12-08,2,1,4,8.264091
2024-12-09,2,1,6,7.208037
2024-12-10,2,1,12,7.4163475
2024-12-11,2,1,7,7.9359155
2024-12-12,2,1,9,9.155111
2024-12-13,2,1,3,6.893122
2024-12-14,2,1,17,10.9376335
2024-12-15,2,1,9,8.238933
2024-12-16,2,1,6,6.9881773
2024-12-17,2,1,0,7.8774743
2024-12-18,2,1,9,10.170599
2024-12-19,2,1,7,9.624389
2024-12-20,2,1,6,7.4463625
2024-12-21,2,1,15,12.474998
2024-12-22,2,1,26,11.657208
2024-12-23,2,1,4,5.638826
2024-12-24,2,1,8,10.749655
2024-12-25,2,1,7,9.234376
2024-12-26,2,1,10,7.306191
2024-12-27,2,1,9,4.5352383
2024-12-28,2,1,6,10.982408
2024-12-29,2,1,13,10.796876
2024-12-30,2,1,7,5.888858
2024-12-31,2,1,7,9.882728
2024-01-01,1,2,1,7.2541895
2024-01-02,1,2,1,8.270748
2024-01-03,1,2,5,6.4497924
2024-01-04,1,2,6,7.320563
2024-01-05,1,2,7,5.728189
2024-01-06,1,2,0,10.898467
2024-01-07,1,2,10,10.204028
2024-01-08,1,2,4,6.2129903
2024-01-09,1,2,3,7.349534
2024-01-10,1,2,6,6.20526
2024-01-11,1,2,6,5.9705353
2024-01-12,1,2,10,7.139518
2024-01-13,1,2,1,10.4647
2024-01-14,1,2,18,9.892508
2024-01-15,1,2,8,6.1490083
2024-01-16,1,2,11,7.7923937
2024-01-17,1,2,9,7.285501
2024-01-18,1,2,12,6.0758376
2024-01-19,1,2,0,6.068603
2024-01-20,1,2,16,10.73706
2024-01-21,1,2,5,9.468679
2024-01-22,1,2,6,6.0861835
2024-01-23,1,2,5,8.639796
2024-01-24,1,2,3,6.006525
2024-01-25,1,2,2,7.9058423
2024-01-26,1,2,6,7.746904
2024-01-27,1,2,12,8.822042
2024-01-28,1,2,0,8.729742
2024-01-29,1,2,0,8.408234
2024-01-30,1,2,7,5.807655
2024-01-31,1,2,9,9.516313
2024-02-01,1,2,9,8.716985
2024-02-02,1,2,5,8.253408
2024-02-03,1,2,15,10.541619
2024-02-04,1,2,20,9.579328
2024-02-05,1,2,4,6.965335
2024-02-06,1,2,9,8.704868
2024-02-07,1,2,17,9.281864
2024-02-08,1,2,0,8.619776
2024-02-09,1,2,8,8.74502
2024-02-10,1,2,17,10.631046
2024-02-11,1,2,6,10.098954
2024-02-12,1,2,5,8.486769
2024-02-13,1,2,3,6.416374
2024-02-14,1,2,7,6.3246727
2024-02-15,1,2,7,8.368301
2024-02-16,1,2,6,6.5282483
2024-02-17,1,2,11,10.852351
2024-02-18,1,2,2,9.403036
2024-02-19,1,2,12,7.006749
2024-02-20,1,2,11,9.883413
2024-02-21,1,2,11,10.032224
2024-02-22,1,2,1,9.59182
2024-02-23,1,2,6,6.9015207
2024-02-24,1,2,13,8.482929
2024-02-25,1,2,3,8.9433565
2024-02-26,1,2,7,7.7559195
2024-02-27,1,2,6,9.461259
2024-02-28,1,2,4,9.873477
2024-02-29,1,2,5,7.299209
2024-03-01,1,2,10,10.247458
2024-03-02,1,2,13,11.0671
2024-03-03,1,2,12,11.297228
2024-03-04,1,2,8,7.87981
2024-03-05,1,2,5,8.223993
2024-03-06,1,2,10,7.19853
2024-03-07,1,2,13,9.342256
2024-03-08,1,2,18,10.365222
2024-03-09,1,2,10,10.499373
2024-03-10,1,2,18,11.656017
2024-03-11,1,2,0,7.644294
2024-03-12,1,2,0,8.378916
2024-03-13,1,2,11,8.719241
2024-03-14,1,2,0,12.400954
2024-03-15,1,2,4,8.434674
2024-03-16,1,2,2,10.718836
2024-03-17,1,2,15,13.1780615
2024-03-18,1,2,2,8.177979
2024-03-19,1,2,5,11.266672
2024-03-20,1,2,11,12.909444
2024-03-21,1,2,7,11.956941
2024-03-22,1,2,13,12.214177
2024-03-23,1,2,19,14.688696
2024-03-24,1,2,22,13.44853
2024-03-25,1,2,10,9.738625
2024-03-26,1,2,17,12.546099
2024-03-27,1,2,15,10.42837
2024-03-28,1,2,7,10.818582
2024-03-29,1,2,5,6.9857264
2024-03-30,1,2,15,15.659939
2024-03-31,1,2,18,11.134373
2024-04-01,1,2,2,9.196488
2024-04-02,1,2,9,10.275588
2024-04-03,1,2,12,11.630219
2024-04-04,1,2,7,11.362345
2024-04-05,1,2,0,11.6876135
2024-04-06,1,2,10,9.86908
2024-04-07,1,2,8,10.15173
2024-04-08,1,2,9,7.8126717
2024-04-09,1,2,12,11.01491
2024-04-10,1,2,6,8.427527
2024-04-11,1,2,8,7.6419053
2024-04-12,1,2,4,7.0746627
2024-04-13,1,2,9,11.37795
2024-04-14,1,2,11,11.930729
2024-04-15,1,2,6,10.139425
2024-04-16,1,2,13,9.549482
2024-04-17,1,2,6,8.332986
2024-04-18,1,2,8,9.932774
2024-04-19,1,2,2,9.85702
2024-04-20,1,2,9,12.7216835
2024-04-21,1,2,10,10.959562
2024-04-22,1,2,13,10.806265
2024-04-23,1,2,7,10.895422
2024-04-24,1,2,22,9.295345
2024-04-25,1,2,11,11.038423
2024-04-26,1,2,5,11.56093
2024-04-27,1,2,11,10.373373
2024-04-28,1,2,17,13.745856
2024-04-29,1,2,11,8.745643
2024-04-30,1,2,13,8.945018
2024-05-01,1,2,16,8.051661
2024-05-02,1,2,2,10.50036
2024-05-03,1,2,8,8.462077
2024-05-04,1,2,11,8.718619
2024-05-05,1,2,0,8.611339
2024-05-06,1,2,13,6.6257567
2024-05-07,1,2,7,12.966413
2024-05-08,1,2,5,8.55518
2024-05-09,1,2,4,10.229956
2024-05-10,1,2,6,10.013496
2024-05-11,1,2,13,13.639721
2024-05-12,1,2,21,13.87821
2024-05-13,1,2,10,12.464037
2024-05-14,1,2,6,12.776738
2024-05-15,1,2,12,9.550051
2024-05-16,1,2,13,7.327853
2024-05-17,1,2,4,6.4093175
2024-05-18,1,2,6,13.395899
2024-05-19,1,2,6,13.56029
2024-05-20,1,2,0,8.253886
2024-05-21,1,2,10,13.207874
2024-05-22,1,2,1,9.170229
2024-05-23,1,2,11,13.749495
2024-05-24,1,2,11,12.6132345
2024-05-25,1,2,7,8.710886
2024-05-26,1,2,10,9.324542
2024-05-27,1,2,3,13.196361
2024-05-28,1,2,8,8.772511
2024-05-29,1,2,0,8.016392
2024-05-30,1,2,2,14.695924
2024-05-31,1,2,3,13.348597
2024-06-01,1,2,16,15.153876
2024-06-02,1,2,18,15.509982
2024-06-03,1,2,9,12.231691
2024-06-04,1,2,22,14.203074
2024-06-05,1,2,5,8.832033
2024-06-06,1,2,7,15.420408
2024-06-07,1,2,6,13.8643875
2024-06-08,1,2,21,13.641875
2024-06-09,1,2,3,10.772979
2024-06-10,1,2,18,13.801513
2024-06-11,1,2,5,9.244877
2024-06-12,1,2,4,15.943711
2024-06-13,1,2,17,9.013843
2024-06-14,1,2,10,13.376312
2024-06-15,1,2,7,14.750824
2024-06-16,1,2,38,13.930041
2024-06-17,1,2,15,11.767788
2024-06-18,1,2,17,7.874889
2024-06-19,1,2,17,14.510813
2024-06-20,1,2,7,7.580052
2024-06-21,1,2,18,5.5796084
2024-06-22,1,2,19,17.71917
2024-06-23,1,2,9,15.525017
2024-06-24,1,2,21,12.322225
2024-06-25,1,2,3,8.216838
2024-06-26,1,2,7,8.369394
2024-06-27,1,2,1,14.067245
2024-06-28,1,2,16,13.025492
2024-06-29,1,2,22,15.472385
2024-06-30,1,2,3,13.593476
2024-07-01,1,2,12,9.954537
2024-07-02,1,2,5,9.798267
2024-07-03,1,2,9,12.333321
2024-07-04,1,2,17,11.022966
2024-07-05,1,2,3,10.106545
2024-07-06,1,2,12,18.578217
2024-07-07,1,2,30,16.780493
2024-07-08,1,2,13,7.9272523
2024-07-09,1,2,15,11.903642
2024-07-10,1,2,11,10.467484
2024-07-11,1,2,10,12.883334
2024-07-12,1,2,14,14.801693
2024-07-13,1,2,12,16.273577
2024-07-14,1,2,3,9.850153
2024-07-15,1,2,0,13.125484
2024-07-16,1,2,12,13.47934
2024-07-17,1,2,8,9.455207
2024-07-18,1,2,23,14.260442
2024-07-19,1,2,10,12.311856
2024-07-20,1,2,12,14.834836
2024-07-21,1,2,7,10.121693
2024-07-22,1,2,8,9.977631
2024-07-23,1,2,9,9.123006
2024-07-24,1,2,9,13.600844
2024-07-25,1,2,6,10.803819
2024-07-26,1,2,6,7.669808
2024-07-27,1,2,13,14.029131
2024-07-28,1,2,18,15.456426
2024-07-29,1,2,15,13.509508
2024-07-30,1,2,13,13.989271
2024-07-31,1,2,20,14.092539
2024-08-01,1,2,9,10.002313
2024-08-02,1,2,13,9.623628
2024-08-03,1,2,6,14.492714
2024-08-04,1,2,21,12.442723
2024-08-05,1,2,5,8.7529125
2024-08-06,1,2,15,11.679777
2024-08-07,1,2,9,11.755849
2024-08-08,1,2,3,9.285986
2024-08-09,1,2,7,13.25788
2024-08-10,1,2,11,11.459016
2024-08-11,1,2,17,11.70384
2024-08-12,1,2,8,7.5362315
2024-08-13,1,2,10,8.61166
2024-08-14,1,2,8,9.066807
2024-08-15,1,2,9,8.930226
2024-08-16,1,2,8,15.538945
2024-08-17,1,2,16,16.56959
2024-08-18,1,2,12,18.576883
2024-08-19,1,2,15,14.322537
2024-08-20,1,2,11,14.416064
2024-08-21,1,2,6,9.179358
2024-08-22,1,2,14,14.579215
2024-08-23,1,2,17,8.874135
2024-08-24,1,2,18,10.70173
2024-08-25,1,2,12,10.910749
2024-08-26,1,2,8,12.437399
2024-08-27,1,2,21,9.194831
2024-08-28,1,2,13,12.365239
2024-08-29,1,2,15,12.396118
2024-08-30,1,2,8,8.773534
2024-08-31,1,2,1,16.070229
2024-09-01,1,2,7,15.59923
2024-09-02,1,2,17,9.549865
2024-09-03,1,2,12,7.2404833
2024-09-04,1,2,7,6.539537
2024-09-05,1,2,18,8.196389
2024-09-06,1,2,11,7.7781234
2024-09-07,1,2,7,12.488324
2024-09-08,1,2,13,9.785251
2024-09-09,1,2,10,9.083883
2024-09-10,1,2,8,9.004568
2024-09-11,1,2,15,8.6932535
2024-09-12,1,2,13,8.712219
2024-09-13,1,2,14,8.2814665
2024-09-14,1,2,17,12.29308
2024-09-15,1,2,19,13.558557
2024-09-16,1,2,7,4.7079115
2024-09-17,1,2,16,10.453776
2024-09-18,1,2,10,8.640678
2024-09-19,1,2,4,6.3845043
2024-09-20,1,2,7,9.361316
2024-09-21,1,2,12,11.056661
2024-09-22,1,2,18,13.961478
2024-09-23,1,2,6,4.4140563
2024-09-24,1,2,11,9.750324
2024-09-25,1,2,11,9.52851
2024-09-26,1,2,11,6.4355683
2024-09-27,1,2,7,6.3445086
2024-09-28,1,2,8,11.164959
2024-09-29,1,2,8,18.78154
2024-09-30,1,2,12,11.068063
2024-10-01,1,2,8,10.39893
2024-10-02,1,2,14,11.070855
2024-10-03,1,2,9,8.280375
2024-10-04,1,2,15,8.292422
2024-10-05,1,2,17,12.850335
2024-10-06,1,2,7,13.921558
2024-10-07,1,2,2,10.167647
2024-10-08,1,2,9,9.947715
2024-10-09,1,2,5,11.249021
2024-10-10,1,2,10,8.777504
2024-10-11,1,2,3,8.7680435
2024-10-12,1,2,4,11.329562
2024-10-13,1,2,13,12.126779
2024-10-14,1,2,7,7.118971
2024-10-15,1,2,8,9.1254635
2024-10-16,1,2,20,9.987386
2024-10-17,1,2,14,7.0093417
2024-10-18,1,2,11,7.2853804
2024-10-19,1,2,5,9.969813
2024-10-20,1,2,9,10.461823
2024-10-21,1,2,9,7.342475
2024-10-22,1,2,5,9.438693
2024-10-23,1,2,3,7.4615946
2024-10-24,1,2,0,8.567201
2024-10-25,1,2,15,7.0908628
2024-10-26,1,2,0,12.467334
2024-10-27,1,2,14,10.923273
2024-10-28,1,2,4,6.8196282
2024-10-29,1,2,15,10.1464615
2024-10-30,1,2,15,10.2859955
2024-10-31,1,2,4,6.435827
2024-11-01,1,2,3,6.789323
2024-11-02,1,2,0,14.115416
2024-11-03,1,2,3,7.2425585
2024-11-04,1,2,4,7.558856
2024-11-05,1,2,22,7.160803
2024-11-06,1,2,14,8.577292
2024-11-07,1,2,12,8.137213
2024-11-08,1,2,12,7.843207
2024-11-09,1,2,22,14.642388
2024-11-10,1,2,9,10.51843
2024-11-11,1,2,5,8.595369
2024-11-12,1,2,5,7.4423475
2024-11-13,1,2,12,7.9330177
2024-11-14,1,2,14,8.746902
2024-11-15,1,2,5,7.643191
2024-11-16,1,2,25,15.086891
2024-11-17,1,2,13,11.660922
2024-11-18,1,2,10,9.889153
2024-11-19,1,2,11,7.5732894
2024-11-20,1,2,11,12.101393
2024-11-21,1,2,16,10.9537115
2024-11-22,1,2,5,7.6322746
2024-11-23,1,2,26,14.952838
2024-11-24,1,2,19,11.841537
2024-11-25,1,2,8,8.257609
2024-11-26,1,2,12,8.985178
2024-11-27,1,2,9,8.177819
2024-11-28,1,2,2,6.861994
2024-11-29,1,2,11,6.890227
2024-11-30,1,2,13,13.377125
2024-12-01,1,2,7,10.28074
2024-12-02,1,2,8,6.860644
2024-12-03,1,2,3,5.0338726
2024-12-04,1,2,6,5.0801888
2024-12-05,1,2,6,7.4536934
2024-12-06,1,2,4,5.2655272
2024-12-07,1,2,3,7.9938846
2024-12-08,1,2,11,8.80941
2024-12-09,1,2,7,7.1294
2024-12-10,1,2,8,7.0655646
2024-12-11,1,2,3,7.714581
2024-12-12,1,2,14,7.3200517
2024-12-13,1,2,0,7.3810754
2024-12-14,1,2,4,9.095742
2024-12-15,1,2,13,9.36839
2024-12-16,1,2,5,7.062059
2024-12-17,1,2,10,8.078502
2024-12-18,1,2,5,7.4863906
2024-12-19,1,2,3,7.604797
2024-12-20,1,2,9,7.9773674
2024-12-21,1,2,6,11.576522
2024-12-22,1,2,11,10.276044
2024-12-23,1,2,6,7.756543
2024-12-24,1,2,1,8.384125
2024-12-25,1,2,9,7.337955
2024-12-26,1,2,5,6.6579633
2024-12-27,1,2,1,6.3907485
2024-12-28,1,2,5,9.021428
2024-12-29,1,2,5,9.879049
2024-12-30,1,2,0,6.194955
2024-12-31,1,2,4,6.42882
2024-01-01,1,0,16,7.5121975
2024-01-02,1,0,11,9.073731
2024-01-03,1,0,5,9.645411
2024-01-04,1,0,7,5.8472986
2024-01-05,1,0,4,5.6861773
2024-01-06,1,0,7,10.764324
2024-01-07,1,0,13,9.958718
2024-01-08,1,0,2,6.101856
2024-01-09,1,0,6,7.470825
2024-01-10,1,0,6,6.770238
2024-01-11,1,0,4,7.5744095
2024-01-12,1,0,7,7.404948
2024-01-13,1,0,1,8.765512
2024-01-14,1,0,4,8.6837015
2024-01-15,1,0,8,6.1263394
2024-01-16,1,0,9,7.4462476
2024-01-17,1,0,5,6.5700655
2024-01-18,1,0,3,7.6172585
2024-01-19,1,0,6,6.0714207
2024-01-20,1,0,12,10.238375
2024-01-21,1,0,17,9.406002
2024-01-22,1,0,18,6.155779
2024-01-23,1,0,4,6.125781
2024-01-24,1,0,5,9.807336
2024-01-25,1,0,4,8.364066
2024-01-26,1,0,6,6.10086
2024-01-27,1,0,7,7.4777775
2024-01-28,1,0,10,8.434124
2024-01-29,1,0,7,8.57524
2024-01-30,1,0,8,8.647163
2024-01-31,1,0,3,6.0110373
2024-02-01,1,0,7,5.2322063
2024-02-02,1,0,7,6.1204047
2024-02-03,1,0,9,10.229854
2024-02-04,1,0,13,10.300768
2024-02-05,1,0,8,8.624784
2024-02-06,1,0,3,8.567736
2024-02-07,1,0,5,11.17495
2024-02-08,1,0,6,8.3238
2024-02-09,1,0,11,8.303752
2024-02-10,1,0,8,11.30258
2024-02-11,1,0,1,10.515687
2024-02-12,1,0,0,8.756848
2024-02-13,1,0,3,9.2745495
2024-02-14,1,0,6,8.709858
2024-02-15,1,0,9,8.334081
2024-02-16,1,0,18,8.131783
2024-02-17,1,0,8,9.255044
2024-02-18,1,0,8,9.582476
2024-02-19,1,0,2,7.380068
2024-02-20,1,0,1,7.1083508
2024-02-21,1,0,9,6.541997
2024-02-22,1,0,9,6.4943533
2024-02-23,1,0,6,6.5204782
2024-02-24,1,0,6,9.400765
2024-02-25,1,0,13,10.013813
2024-02-26,1,0,2,8.775769
2024-02-27,1,0,7,8.462374
2024-02-28,1,0,6,8.119802
2024-02-29,1,0,11,7.890056
2024-03-01,1,0,9,8.410726
2024-03-02,1,0,13,8.942099
2024-03-03,1,0,19,11.357287
2024-03-04,1,0,6,7.528993
2024-03-05,1,0,6,5.92971
2024-03-06,1,0,2,6.576561
2024-03-07,1,0,5,6.7496686
2024-03-08,1,0,11,7.7218432
2024-03-09,1,0,0,9.142273
2024-03-10,1,0,3,10.896394
2024-03-11,1,0,9,7.764523
2024-03-12,1,0,6,7.999287
2024-03-13,1,0,14,12.374658
2024-03-14,1,0,13,8.379924
2024-03-15,1,0,8,11.743106
2024-03-16,1,0,9,14.5136385
2024-03-17,1,0,15,17.61139
2024-03-18,1,0,7,8.706338
2024-03-19,1,0,9,8.594426
2024-03-20,1,0,15,8.245248
2024-03-21,1,0,15,11.281798
2024-03-22,1,0,9,11.240673
2024-03-23,1,0,18,14.19896
2024-03-24,1,0,0,18.347599
2024-03-25,1,0,9,9.167059
2024-03-26,1,0,2,9.726022
2024-03-27,1,0,9,6.5213757
2024-03-28,1,0,3,8.738532
2024-03-29,1,0,0,6.612204
2024-03-30,1,0,1,8.772199
2024-03-31,1,0,16,17.38916
2024-04-01,1,0,9,10.1730585
2024-04-02,1,0,10,7.2480636
2024-04-03,1,0,16,11.965407
2024-04-04,1,0,4,7.9903684
2024-04-05,1,0,8,8.771012
2024-04-06,1,0,8,10.810991
2024-04-07,1,0,24,15.392829
2024-04-08,1,0,9,9.000638
2024-04-09,1,0,8,11.409856
2024-04-10,1,0,9,8.596826
2024-04-11,1,0,5,8.44429
2024-04-12,1,0,10,7.0946617
2024-04-13,1,0,15,11.286821
2024-04-14,1,0,16,12.016864
2024-04-15,1,0,7,11.3654785
2024-04-16,1,0,9,10.182617
2024-04-17,1,0,2,10.441246
2024-04-18,1,0,3,10.047451
2024-04-19,1,0,7,8.696163
2024-04-20,1,0,24,12.657863
2024-04-21,1,0,9,13.730084
2024-04-22,1,0,14,9.568138
2024-04-23,1,0,14,9.956436
2024-04-24,1,0,8,9.897167
2024-04-25,1,0,10,9.362959
2024-04-26,1,0,15,10.671138
2024-04-27,1,0,7,11.302094
2024-04-28,1,0,13,13.806113
2024-04-29,1,0,10,9.380469
2024-04-30,1,0,4,9.799609
2024-05-01,1,0,11,8.661026
2024-05-02,1,0,3,9.440547
2024-05-03,1,0,3,7.376706
2024-05-04,1,0,13,10.041637
2024-05-05,1,0,15,9.757534
2024-05-06,1,0,0,9.194575
2024-05-07,1,0,5,8.2638855
2024-05-08,1,0,6,8.193683
2024-05-09,1,0,5,9.359617
2024-05-10,1,0,10,7.084214
2024-05-11,1,0,10,12.431483
2024-05-12,1,0,12,11.407084
2024-05-13,1,0,8,7.9220815
2024-05-14,1,0,9,8.860439
2024-05-15,1,0,12,8.718272
2024-05-16,1,0,15,10.7399435
2024-05-17,1,0,4,5.791217
2024-05-18,1,0,12,10.804874
2024-05-19,1,0,9,7.2464724
2024-05-20,1,0,5,7.523438
2024-05-21,1,0,2,8.163958
2024-05-22,1,0,4,8.943409
2024-05-23,1,0,1,6.215012
2024-05-24,1,0,8,8.069017
2024-05-25,1,0,23,13.443155
2024-05-26,1,0,13,10.782217
2024-05-27,1,0,11,10.513913
2024-05-28,1,0,8,8.9938
2024-05-29,1,0,9,7.618452
2024-05-30,1,0,8,10.9200945
2024-05-31,1,0,8,8.015377
2024-06-01,1,0,22,9.126149
2024-06-02,1,0,13,15.398618
2024-06-03,1,0,0,10.548377
2024-06-04,1,0,17,8.270289
2024-06-05,1,0,8,8.414618
2024-06-06,1,0,4,9.857638
2024-06-07,1,0,7,11.625859
2024-06-08,1,0,4,10.483337
2024-06-09,1,0,6,15.334317
2024-06-10,1,0,10,9.143902
2024-06-11,1,0,16,14.634579
2024-06-12,1,0,12,13.924221
2024-06-13,1,0,18,8.556603
2024-06-14,1,0,4,8.630086
2024-06-15,1,0,22,14.756488
2024-06-16,1,0,36,14.3095875
2024-06-17,1,0,10,9.9624605
2024-06-18,1,0,10,8.3522415
2024-06-19,1,0,11,13.388127
2024-06-20,1,0,15,11.542222
2024-06-21,1,0,13,6.944853
2024-06-22,1,0,22,10.264493
2024-06-23,1,0,7,14.865388
2024-06-24,1,0,17,8.889469
2024-06-25,1,0,13,13.112036
2024-06-26,1,0,7,8.229299
2024-06-27,1,0,9,13.19654
2024-06-28,1,0,8,11.96255
2024-06-29,1,0,11,17.840076
2024-06-30,1,0,24,13.412061
2024-07-01,1,0,20,11.437221
2024-07-02,1,0,25,10.179302
2024-07-03,1,0,6,11.572137
2024-07-04,1,0,21,13.809139
2024-07-05,1,0,11,14.232712
2024-07-06,1,0,4,11.359007
2024-07-07,1,0,23,16.385612
2024-07-08,1,0,16,9.300139
2024-07-09,1,0,16,10.665244
2024-07-10,1,0,13,10.614546
2024-07-11,1,0,7,9.220714
2024-07-12,1,0,25,11.55134
2024-07-13,1,0,11,9.437053
2024-07-14,1,0,10,14.791111
2024-07-15,1,0,9,8.387419
2024-07-16,1,0,0,8.035694
2024-07-17,1,0,9,11.260515
2024-07-18,1,0,10,11.815953
2024-07-19,1,0,4,8.193426
2024-07-20,1,0,1,14.370123
2024-07-21,1,0,24,12.603718
2024-07-22,1,0,15,9.930441
2024-07-23,1,0,1,7.857664
2024-07-24,1,0,11,8.796753
2024-07-25,1,0,7,12.564126
2024-07-26,1,0,14,9.912977
2024-07-27,1,0,15,16.54266
2024-07-28,1,0,6,8.3873625
2024-07-29,1,0,10,12.266783
2024-07-30,1,0,15,9.616529
2024-07-31,1,0,13,12.45061
2024-08-01,1,0,11,10.40446
2024-08-02,1,0,17,10.148407
2024-08-03,1,0,17,14.723782
2024-08-04,1,0,12,16.664608
2024-08-05,1,0,11,11.738125
2024-08-06,1,0,16,11.375175
2024-08-07,1,0,12,11.184227
2024-08-08,1,0,8,13.110557
2024-08-09,1,0,8,12.256091
2024-08-10,1,0,21,12.37472
2024-08-11,1,0,16,13.439018
2024-08-12,1,0,19,14.751171
2024-08-13,1,0,5,7.2748
2024-08-14,1,0,24,14.7600155
2024-08-15,1,0,6,10.399365
2024-08-16,1,0,19,13.834344
2024-08-17,1,0,18,15.39627
2024-08-18,1,0,9,9.796013
2024-08-19,1,0,11,13.51605
2024-08-20,1,0,7,9.801894
2024-08-21,1,0,3,12.252602
2024-08-22,1,0,13,12.831232
2024-08-23,1,0,7,10.853194
2024-08-24,1,0,12,14.490025
2024-08-25,1,0,14,10.800504
2024-08-26,1,0,11,10.369885
2024-08-27,1,0,9,10.380392
2024-08-28,1,0,4,9.984581
2024-08-29,1,0,7,10.865459
2024-08-30,1,0,11,11.923818
2024-08-31,1,0,29,15.078926
2024-09-01,1,0,10,10.416032
2024-09-02,1,0,10,7.2519226
2024-09-03,1,0,16,6.501523
2024-09-04,1,0,4,9.118998
2024-09-05,1,0,10,6.0283256
2024-09-06,1,0,8,9.459256
2024-09-07,1,0,9,13.30362
2024-09-08,1,0,25,10.640788
2024-09-09,1,0,7,8.465252
2024-09-10,1,0,15,10.111694
2024-09-11,1,0,13,7.639629
2024-09-12,1,0,15,9.654918
2024-09-13,1,0,7,9.10191
2024-09-14,1,0,25,13.078837
2024-09-15,1,0,5,11.069197
2024-09-16,1,0,19,9.950856
2024-09-17,1,0,5,8.804096
2024-09-18,1,0,9,9.098749
2024-09-19,1,0,5,11.35986
2024-09-20,1,0,8,11.1490135
2024-09-21,1,0,19,12.047741
2024-09-22,1,0,7,11.049568
2024-09-23,1,0,9,9.053471
2024-09-24,1,0,9,8.799405
2024-09-25,1,0,8,8.7322035
2024-09-26,1,0,10,7.995317
2024-09-27,1,0,10,11.414446
2024-09-28,1,0,20,13.485003
2024-09-29,1,0,12,14.443405
2024-09-30,1,0,0,8.579924
2024-10-01,1,0,10,10.805439
2024-10-02,1,0,15,11.812955
2024-10-03,1,0,12,10.9017
2024-10-04,1,0,9,10.408776
2024-10-05,1,0,12,13.392802
2024-10-06,1,0,10,9.66624
2024-10-07,1,0,2,8.364734
2024-10-08,1,0,8,10.989586
2024-10-09,1,0,19,11.865253
2024-10-10,1,0,0,10.26717
2024-10-11,1,0,3,10.1379795
2024-10-12,1,0,15,13.191758
2024-10-13,1,0,14,12.799555
2024-10-14,1,0,3,9.195228
2024-10-15,1,0,14,10.205598
2024-10-16,1,0,7,10.9559145
2024-10-17,1,0,9,9.851924
2024-10-18,1,0,14,8.823471
2024-10-19,1,0,15,11.2363205
2024-10-20,1,0,13,11.115553
2024-10-21,1,0,16,10.701914
2024-10-22,1,0,11,10.137197
2024-10-23,1,0,7,11.213705
2024-10-24,1,0,6,9.921323
2024-10-25,1,0,8,9.445427
2024-10-26,1,0,9,12.065442
2024-10-27,1,0,9,11.386403
2024-10-28,1,0,5,10.276222
2024-10-29,1,0,8,9.483152
2024-10-30,1,0,0,8.938646
2024-10-31,1,0,14,10.564544
2024-11-01,1,0,6,9.012994
2024-11-02,1,0,10,8.621872
2024-11-03,1,0,10,6.708956
2024-11-04,1,0,1,9.174098
2024-11-05,1,0,10,8.223921
2024-11-06,1,0,16,11.063887
2024-11-07,1,0,17,9.749825
2024-11-08,1,0,9,9.185692
2024-11-09,1,0,4,13.489722
2024-11-10,1,0,14,10.717268
2024-11-11,1,0,11,10.392465
2024-11-12,1,0,13,10.296803
2024-11-13,1,0,5,9.147301
2024-11-14,1,0,5,10.26531
2024-11-15,1,0,11,9.457384
2024-11-16,1,0,22,13.9905815
2024-11-17,1,0,10,10.20441
2024-11-18,1,0,12,8.772792
2024-11-19,1,0,16,11.704645
2024-11-20,1,0,15,12.996225
2024-11-21,1,0,0,6.876219
2024-11-22,1,0,7,10.440084
2024-11-23,1,0,21,13.660505
2024-11-24,1,0,14,8.888503
2024-11-25,1,0,7,9.489325
2024-11-26,1,0,12,8.33668
2024-11-27,1,0,18,12.497301
2024-11-28,1,0,3,7.7592635
2024-11-29,1,0,7,8.048021
2024-11-30,1,0,19,12.625068
2024-12-01,1,0,8,8.9803095
2024-12-02,1,0,2,6.309136
2024-12-03,1,0,6,4.593965
2024-12-04,1,0,9,8.834908
2024-12-05,1,0,8,7.804993
2024-12-06,1,0,5,7.2180696
2024-12-07,1,0,7,8.596794
2024-12-08,1,0,7,8.465254
2024-12-09,1,0,6,6.8330874
2024-12-10,1,0,2,6.7128096
2024-12-11,1,0,8,8.773299
2024-12-12,1,0,7,7.934365
2024-12-13,1,0,11,6.68416
2024-12-14,1,0,6,8.898976
2024-12-15,1,0,7,8.767436
2024-12-16,1,0,9,6.3572936
2024-12-17,1,0,2,6.7783666
2024-12-18,1,0,0,7.8099217
2024-12-19,1,0,4,7.981673
2024-12-20,1,0,5,7.180339
2024-12-21,1,0,8,8.732389
2024-12-22,1,0,16,11.20192
2024-12-23,1,0,7,8.457888
2024-12-24,1,0,6,11.149588
2024-12-25,1,0,15,11.186473
2024-12-26,1,0,10,5.2377048
2024-12-27,1,0,4,5.0148582
2024-12-28,1,0,7,8.735811
2024-12-29,1,0,8,8.557259
2024-12-30,1,0,5,7.5121975
2024-12-31,1,0,5,9.073731
2024-01-01,1,1,5,6.3302135
2024-01-02,1,1,3,8.784619
2024-01-03,1,1,4,6.4837236
2024-01-04,1,1,10,5.88577
2024-01-05,1,1,6,5.499337
2024-01-06,1,1,9,10.612516
2024-01-07,1,1,11,8.888299
2024-01-08,1,1,3,6.1117225
2024-01-09,1,1,3,6.1943984
2024-01-10,1,1,4,6.0611014
2024-01-11,1,1,6,5.927931
2024-01-12,1,1,4,5.9058685
2024-01-13,1,1,17,10.406035
2024-01-14,1,1,9,8.678992
2024-01-15,1,1,3,5.988907
2024-01-16,1,1,13,6.057149
2024-01-17,1,1,8,6.919474
2024-01-18,1,1,7,5.910499
2024-01-19,1,1,11,5.9028707
2024-01-20,1,1,0,8.078437
2024-01-21,1,1,11,9.559002
2024-01-22,1,1,9,7.879369
2024-01-23,1,1,5,8.69528
2024-01-24,1,1,10,8.014923
2024-01-25,1,1,4,8.1172695
2024-01-26,1,1,3,5.868054
2024-01-27,1,1,10,7.4710107
2024-01-28,1,1,11,8.685228
2024-01-29,1,1,5,6.161405
2024-01-30,1,1,10,8.973272
2024-01-31,1,1,3,5.69014
2024-02-01,1,1,8,5.517373
2024-02-02,1,1,12,6.0488553
2024-02-03,1,1,11,8.094305
2024-02-04,1,1,13,10.329839
2024-02-05,1,1,4,6.8098607
2024-02-06,1,1,8,6.338016
2024-02-07,1,1,6,9.2584305
2024-02-08,1,1,9,8.545975
2024-02-09,1,1,12,8.492776
2024-02-10,1,1,10,10.276791
2024-02-11,1,1,5,10.249157
2024-02-12,1,1,13,8.661575
2024-02-13,1,1,6,6.5120845
2024-02-14,1,1,11,8.5159235
2024-02-15,1,1,5,6.1650834
2024-02-16,1,1,4,6.366828
2024-02-17,1,1,13,11.536322
2024-02-18,1,1,7,9.757024
2024-02-19,1,1,9,9.762184
2024-02-20,1,1,11,9.666322
2024-02-21,1,1,9,6.900446
2024-02-22,1,1,3,6.826198
2024-02-23,1,1,3,9.86499
2024-02-24,1,1,17,9.634596
2024-02-25,1,1,8,7.7481337
2024-02-26,1,1,9,8.9989805
2024-02-27,1,1,7,8.689962
2024-02-28,1,1,15,9.806019
2024-02-29,1,1,10,8.342143
2024-03-01,1,1,10,10.181195
2024-03-02,1,1,15,11.584641
2024-03-03,1,1,5,11.317867
2024-03-04,1,1,16,6.6283154
2024-03-05,1,1,7,6.5437455
2024-03-06,1,1,6,9.377537
2024-03-07,1,1,13,6.873392
2024-03-08,1,1,8,7.6449265
2024-03-09,1,1,9,11.843226
2024-03-10,1,1,4,13.015441
2024-03-11,1,1,9,8.016402
2024-03-12,1,1,12,10.79248
2024-03-13,1,1,2,12.252384
2024-03-14,1,1,5,10.952669
2024-03-15,1,1,3,8.3601675
2024-03-16,1,1,16,15.224846
2024-03-17,1,1,4,10.722336
2024-03-18,1,1,1,8.878982
2024-03-19,1,1,8,8.95272
2024-03-20,1,1,9,8.255314
2024-03-21,1,1,10,7.825161
2024-03-22,1,1,9,10.798569
2024-03-23,1,1,19,14.131226
2024-03-24,1,1,0,15.101365
2024-03-25,1,1,10,9.247406
2024-03-26,1,1,5,7.7534304
2024-03-27,1,1,13,6.5314407
2024-03-28,1,1,13,7.7412724
2024-03-29,1,1,7,6.293227
2024-03-30,1,1,13,11.313304
2024-03-31,1,1,0,15.268271
2024-04-01,1,1,10,8.5987215
2024-04-02,1,1,8,7.4555674
2024-04-03,1,1,6,7.1208577
2024-04-04,1,1,9,7.661333
2024-04-05,1,1,5,9.178688
2024-04-06,1,1,10,11.032129
2024-04-07,1,1,8,13.965148
2024-04-08,1,1,15,8.774446
2024-04-09,1,1,8,8.2027025
2024-04-10,1,1,13,10.306294
2024-04-11,1,1,0,7.7942123
2024-04-12,1,1,6,7.222835
2024-04-13,1,1,7,10.296065
2024-04-14,1,1,6,11.776979
2024-04-15,1,1,4,11.378716
2024-04-16,1,1,0,9.969491
2024-04-17,1,1,10,8.48044
2024-04-18,1,1,2,8.938682
2024-04-19,1,1,6,9.232451
2024-04-20,1,1,12,12.598269
2024-04-21,1,1,3,11.544515
2024-04-22,1,1,15,10.575732
2024-04-23,1,1,17,10.736495
2024-04-24,1,1,12,8.996847
2024-04-25,1,1,9,10.151569
2024-04-26,1,1,9,11.554448
2024-04-27,1,1,8,12.887411
2024-04-28,1,1,23,13.89824
2024-04-29,1,1,16,9.486082
2024-04-30,1,1,8,9.45872
2024-05-01,1,1,10,8.356661
2024-05-02,1,1,11,11.308809
2024-05-03,1,1,7,7.261917
2024-05-04,1,1,6,10.658006
2024-05-05,1,1,13,13.259817
2024-05-06,1,1,6,12.237006
2024-05-07,1,1,12,8.614954
2024-05-08,1,1,24,8.896642
2024-05-09,1,1,7,11.66763
2024-05-10,1,1,10,9.812808
2024-05-11,1,1,16,11.995191
2024-05-12,1,1,13,10.774172
2024-05-13,1,1,6,9.471118
2024-05-14,1,1,9,10.004211
2024-05-15,1,1,4,10.063978
2024-05-16,1,1,12,7.591451
2024-05-17,1,1,9,12.708774
2024-05-18,1,1,12,13.793987
2024-05-19,1,1,0,14.302715
2024-05-20,1,1,17,14.425995
2024-05-21,1,1,11,9.441443
2024-05-22,1,1,9,9.174178
2024-05-23,1,1,8,13.554472
2024-05-24,1,1,5,7.0050817
2024-05-25,1,1,20,10.292406
2024-05-26,1,1,17,10.577595
2024-05-27,1,1,16,9.483142
2024-05-28,1,1,12,13.188449
2024-05-29,1,1,7,12.094136
2024-05-30,1,1,0,9.744417
2024-05-31,1,1,8,12.867465
2024-06-01,1,1,7,8.834599
2024-06-02,1,1,29,16.91363
2024-06-03,1,1,9,12.147015
2024-06-04,1,1,15,14.466727
2024-06-05,1,1,11,14.581875
2024-06-06,1,1,15,14.561494
2024-06-07,1,1,4,13.135773
2024-06-08,1,1,17,14.221832
2024-06-09,1,1,18,16.736464
2024-06-10,1,1,14,9.790993
2024-06-11,1,1,4,11.202405
2024-06-12,1,1,14,16.096483
2024-06-13,1,1,17,9.436063
2024-06-14,1,1,12,8.027096
2024-06-15,1,1,7,7.7459073
2024-06-16,1,1,8,16.25219
2024-06-17,1,1,7,6.5740347
2024-06-18,1,1,18,8.221791
2024-06-19,1,1,15,14.564932
2024-06-20,1,1,7,13.5201645
2024-06-21,1,1,7,6.1995063
2024-06-22,1,1,12,15.739671
2024-06-23,1,1,10,10.517742
2024-06-24,1,1,4,6.695388
2024-06-25,1,1,11,7.5336113
2024-06-26,1,1,15,14.410713
2024-06-27,1,1,12,9.422096
2024-06-28,1,1,9,13.566203
2024-06-29,1,1,8,10.384958
2024-06-30,1,1,0,11.819529
2024-07-01,1,1,17,12.998357
2024-07-02,1,1,7,11.547637
2024-07-03,1,1,9,9.00108
2024-07-04,1,1,18,13.496503
2024-07-05,1,1,16,8.890059
2024-07-06,1,1,12,10.80361
2024-07-07,1,1,18,15.204224
2024-07-08,1,1,24,12.655854
2024-07-09,1,1,12,9.072582
2024-07-10,1,1,7,10.4835005
2024-07-11,1,1,7,9.429647
2024-07-12,1,1,12,9.164166
2024-07-13,1,1,15,15.317046
2024-07-14,1,1,16,15.0433445
2024-07-15,1,1,9,7.6235347
2024-07-16,1,1,12,12.061625
2024-07-17,1,1,1,9.372333
2024-07-18,1,1,12,13.086351
2024-07-19,1,1,11,7.503431
2024-07-20,1,1,24,14.963311
2024-07-21,1,1,31,12.855951
2024-07-22,1,1,11,12.920163
2024-07-23,1,1,17,11.694791
2024-07-24,1,1,8,9.687639
2024-07-25,1,1,11,13.869822
2024-07-26,1,1,8,6.951483
2024-07-27,1,1,11,14.744858
2024-07-28,1,1,11,12.8125515
2024-07-29,1,1,6,13.240571
2024-07-30,1,1,3,9.7633295
2024-07-31,1,1,6,9.897793
2024-08-01,1,1,18,13.514177
2024-08-02,1,1,9,8.633316
2024-08-03,1,1,13,11.08703
2024-08-04,1,1,8,16.324125
2024-08-05,1,1,10,11.663656
2024-08-06,1,1,12,10.49649
2024-08-07,1,1,15,10.601956
2024-08-08,1,1,9,9.617164
2024-08-09,1,1,15,12.367134
2024-08-10,1,1,17,12.002358
2024-08-11,1,1,21,12.486368
2024-08-12,1,1,9,14.613779
2024-08-13,1,1,24,15.119441
2024-08-14,1,1,11,15.135596
2024-08-15,1,1,18,15.566686
2024-08-16,1,1,15,9.327025
2024-08-17,1,1,7,11.594438
2024-08-18,1,1,21,9.739033
2024-08-19,1,1,12,9.286093
2024-08-20,1,1,18,9.644765
2024-08-21,1,1,6,9.854328
2024-08-22,1,1,24,9.938062
2024-08-23,1,1,15,9.621953
2024-08-24,1,1,22,11.005504
2024-08-25,1,1,18,16.467741
2024-08-26,1,1,29,11.351776
2024-08-27,1,1,6,10.187188
2024-08-28,1,1,11,10.115397
2024-08-29,1,1,7,11.567434
2024-08-30,1,1,9,9.742045
2024-08-31,1,1,4,15.041546
2024-09-01,1,1,21,10.531443
2024-09-02,1,1,13,10.193326
2024-09-03,1,1,7,9.564926
2024-09-04,1,1,17,7.932338
2024-09-05,1,1,4,9.156796
2024-09-06,1,1,16,8.630357
2024-09-07,1,1,9,13.037961
2024-09-08,1,1,17,13.093578
2024-09-09,1,1,4,8.262065
2024-09-10,1,1,9,7.9479265
2024-09-11,1,1,23,10.377742
2024-09-12,1,1,8,5.94751
2024-09-13,1,1,6,8.492448
2024-09-14,1,1,10,10.208003
2024-09-15,1,1,13,10.653143
2024-09-16,1,1,10,6.2501707
2024-09-17,1,1,11,9.198144
2024-09-18,1,1,18,11.964357
2024-09-19,1,1,16,10.693271
2024-09-20,1,1,9,7.3712864
2024-09-21,1,1,12,10.9665985
2024-09-22,1,1,5,14.436221
2024-09-23,1,1,10,7.289243
2024-09-24,1,1,9,9.286453
2024-09-25,1,1,4,9.176417
2024-09-26,1,1,6,7.4085317
2024-09-27,1,1,4,8.709543
2024-09-28,1,1,6,11.597203
2024-09-29,1,1,6,18.437126
2024-09-30,1,1,5,8.134002
2024-10-01,1,1,12,10.816113
2024-10-02,1,1,4,11.5835
2024-10-03,1,1,2,10.609591
2024-10-04,1,1,4,10.293999
2024-10-05,1,1,9,13.180939
2024-10-06,1,1,7,12.923821
2024-10-07,1,1,12,8.54536
2024-10-08,1,1,8,10.906972
2024-10-09,1,1,9,10.789397
2024-10-10,1,1,9,9.829052
2024-10-11,1,1,1,9.756064
2024-10-12,1,1,11,10.764175
2024-10-13,1,1,2,11.419194
2024-10-14,1,1,9,9.923709
2024-10-15,1,1,13,10.051277
2024-10-16,1,1,11,10.868329
2024-10-17,1,1,6,8.681922
2024-10-18,1,1,1,8.386669
2024-10-19,1,1,13,12.105328
2024-10-20,1,1,16,11.5640135
2024-10-21,1,1,9,10.473656
2024-10-22,1,1,13,10.004845
2024-10-23,1,1,7,9.594371
2024-10-24,1,1,3,8.958452
2024-10-25,1,1,1,9.181687
2024-10-26,1,1,11,8.9342575
2024-10-27,1,1,5,9.128866
2024-10-28,1,1,4,12.2314005
2024-10-29,1,1,3,9.389725
2024-10-30,1,1,9,11.7419405
2024-10-31,1,1,15,10.963521
2024-11-01,1,1,10,7.719094
2024-11-02,1,1,5,14.698707
2024-11-03,1,1,4,7.493777
2024-11-04,1,1,16,7.541071
2024-11-05,1,1,5,8.265115
2024-11-06,1,1,3,10.365298
2024-11-07,1,1,13,9.608156
2024-11-08,1,1,13,8.799919
2024-11-09,1,1,20,15.673192
2024-11-10,1,1,25,11.87541
2024-11-11,1,1,8,8.805431
2024-11-12,1,1,16,10.32037
2024-11-13,1,1,18,10.869136
2024-11-14,1,1,13,7.054404
2024-11-15,1,1,10,8.29088
2024-11-16,1,1,16,16.090092
2024-11-17,1,1,11,13.026848
2024-11-18,1,1,21,11.201233
2024-11-19,1,1,12,12.122923
2024-11-20,1,1,8,8.940882
2024-11-21,1,1,0,11.986791
2024-11-22,1,1,7,6.73104
2024-11-23,1,1,8,9.552202
2024-11-24,1,1,1,9.665864
2024-11-25,1,1,8,8.312339
2024-11-26,1,1,5,9.194682
2024-11-27,1,1,6,11.540009
2024-11-28,1,1,0,7.501247
2024-11-29,1,1,11,7.210155
2024-11-30,1,1,17,9.656674
2024-12-01,1,1,0,10.329662
2024-12-02,1,1,4,5.8528247
2024-12-03,1,1,7,4.845419
2024-12-04,1,1,3,5.2773376
2024-12-05,1,1,9,7.671806
2024-12-06,1,1,10,4.9148145
2024-12-07,1,1,9,7.73408
2024-12-08,1,1,3,8.504652
2024-12-09,1,1,10,7.139646
2024-12-10,1,1,6,6.8865757
2024-12-11,1,1,2,7.573665
2024-12-12,1,1,5,7.8146954
2024-12-13,1,1,4,6.7481074
2024-12-14,1,1,1,8.845403
2024-12-15,1,1,7,8.900316
2024-12-16,1,1,5,7.1550975
2024-12-17,1,1,6,7.404894
2024-12-18,1,1,8,7.8837996
2024-12-19,1,1,6,7.089565
2024-12-20,1,1,7,6.974532
2024-12-21,1,1,7,11.131945
2024-12-22,1,1,8,10.114859
2024-12-23,1,1,3,7.501277
2024-12-24,1,1,14,9.518774
2024-12-25,1,1,7,7.1982927
2024-12-26,1,1,3,7.0113544
2024-12-27,1,1,5,4.789532
2024-12-28,1,1,12,10.55269
2024-12-29,1,1,9,8.886842
2024-12-30,1,1,1,7.6089544
2024-12-31,1,1,0,6.540313
2024-01-01,0,2,0,6.2633157
2024-01-02,0,2,13,8.1435585
2024-01-03,0,2,3,6.2463713
2024-01-04,0,2,2,7.8404546
2024-01-05,0,2,10,6.300044
2024-01-06,0,2,11,8.608039
2024-01-07,0,2,14,11.995718
2024-01-08,0,2,13,7.0700746
2024-01-09,0,2,12,6.423238
2024-01-10,0,2,8,7.1188064
2024-01-11,0,2,6,7.9444623
2024-01-12,0,2,5,7.772984
2024-01-13,0,2,12,8.891251
2024-01-14,0,2,14,11.908575
2024-01-15,0,2,12,6.327687
2024-01-16,0,2,5,6.259474
2024-01-17,0,2,7,7.2711716
2024-01-18,0,2,3,6.5196724
2024-01-19,0,2,7,7.5887117
2024-01-20,0,2,21,10.276457
2024-01-21,0,2,11,9.579623
2024-01-22,0,2,12,7.9057374
2024-01-23,0,2,6,6.1020384
2024-01-24,0,2,7,7.902193
2024-01-25,0,2,6,6.2250276
2024-01-26,0,2,5,7.755443
2024-01-27,0,2,11,7.01385
2024-01-28,0,2,11,9.031622
2024-01-29,0,2,5,5.7828417
2024-01-30,0,2,7,5.6435614
2024-01-31,0,2,13,9.327196
2024-02-01,0,2,6,5.7283325
2024-02-02,0,2,0,8.298767
2024-02-03,0,2,10,8.332682
2024-02-04,0,2,0,13.276256
2024-02-05,0,2,7,7.9329233
2024-02-06,0,2,4,6.4573426
2024-02-07,0,2,4,6.4335494
2024-02-08,0,2,10,8.606084
2024-02-09,0,2,9,7.006451
2024-02-10,0,2,16,11.572328
2024-02-11,0,2,12,12.649655
2024-02-12,0,2,10,7.0981116
2024-02-13,0,2,5,6.7747154
2024-02-14,0,2,2,6.248758
2024-02-15,0,2,4,6.358328
2024-02-16,0,2,7,8.414518
2024-02-17,0,2,6,11.7936325
2024-02-18,0,2,9,10.393949
2024-02-19,0,2,6,7.516165
2024-02-20,0,2,6,7.1927686
2024-02-21,0,2,9,6.676112
2024-02-22,0,2,9,9.70145
2024-02-23,0,2,8,7.0016932
2024-02-24,0,2,7,10.079875
2024-02-25,0,2,20,12.310142
2024-02-26,0,2,14,9.707101
2024-02-27,0,2,11,9.695728
2024-02-28,0,2,8,9.705578
2024-02-29,0,2,2,9.279297
2024-03-01,0,2,8,10.262399
2024-03-02,0,2,4,10.165265
2024-03-03,0,2,11,11.804677
2024-03-04,0,2,9,7.783252
2024-03-05,0,2,7,8.94332
2024-03-06,0,2,7,8.19903
2024-03-07,0,2,11,7.549284
2024-03-08,0,2,14,10.380162
2024-03-09,0,2,10,8.544196
2024-03-10,0,2,19,15.271299
2024-03-11,0,2,9,7.9004617
2024-03-12,0,2,19,10.775627
2024-03-13,0,2,11,14.223628
2024-03-14,0,2,9,7.9448457
2024-03-15,0,2,0,8.435904
2024-03-16,0,2,5,8.81052
2024-03-17,0,2,7,10.70039
2024-03-18,0,2,6,8.663787
2024-03-19,0,2,16,11.283925
2024-03-20,0,2,8,13.448167
2024-03-21,0,2,17,12.143929
2024-03-22,0,2,7,11.851157
2024-03-23,0,2,7,7.4588914
2024-03-24,0,2,18,9.684071
2024-03-25,0,2,14,11.751341
2024-03-26,0,2,6,12.960515
2024-03-27,0,2,14,7.497946
2024-03-28,0,2,10,10.326365
2024-03-29,0,2,11,5.3428845
2024-03-30,0,2,7,9.040941
2024-03-31,0,2,4,10.215615
2024-04-01,0,2,13,6.3201222
2024-04-02,0,2,7,6.176737
2024-04-03,0,2,7,12.316452
2024-04-04,0,2,16,6.666544
2024-04-05,0,2,15,7.5697646
2024-04-06,0,2,11,9.66892
2024-04-07,0,2,8,14.19986
2024-04-08,0,2,12,9.328812
2024-04-09,0,2,7,10.5113735
2024-04-10,0,2,12,8.283892
2024-04-11,0,2,6,7.442471
2024-04-12,0,2,7,8.795625
2024-04-13,0,2,10,14.9964905
2024-04-14,0,2,10,11.69587
2024-04-15,0,2,10,9.766641
2024-04-16,0,2,0,9.879432
2024-04-17,0,2,14,9.548432
2024-04-18,0,2,8,9.309297
2024-04-19,0,2,11,7.7391796
2024-04-20,0,2,13,13.129398
2024-04-21,0,2,11,10.798221
2024-04-22,0,2,11,8.88175
2024-04-23,0,2,6,8.76007
2024-04-24,0,2,0,9.559281
2024-04-25,0,2,13,7.8925977
2024-04-26,0,2,10,7.6936183
2024-04-27,0,2,15,10.182306
2024-04-28,0,2,9,16.130722
2024-04-29,0,2,16,8.270666
2024-04-30,0,2,11,8.414752
2024-05-01,0,2,6,8.052955
2024-05-02,0,2,16,10.481762
2024-05-03,0,2,3,8.44348
2024-05-04,0,2,19,10.201073
2024-05-05,0,2,12,11.286842
2024-05-06,0,2,8,11.896536
2024-05-07,0,2,3,13.063257
2024-05-08,0,2,11,8.822199
2024-05-09,0,2,8,12.066557
2024-05-10,0,2,10,8.8390665
2024-05-11,0,2,8,12.053538
2024-05-12,0,2,15,10.454857
2024-05-13,0,2,0,8.342143
2024-05-14,0,2,16,13.010612
2024-05-15,0,2,7,9.2575035
2024-05-16,0,2,8,13.360842
2024-05-17,0,2,3,6.494176
2024-05-18,0,2,12,10.579936
2024-05-19,0,2,17,9.436736
2024-05-20,0,2,9,14.017082
2024-05-21,0,2,8,13.20721
2024-05-22,0,2,11,9.366224
2024-05-23,0,2,17,14.18382
2024-05-24,0,2,15,12.623828
2024-05-25,0,2,13,9.197571
2024-05-26,0,2,11,15.1636305
2024-05-27,0,2,14,10.404214
2024-05-28,0,2,7,5.7958903
2024-05-29,0,2,7,8.376873
2024-05-30,0,2,8,14.21573
2024-05-31,0,2,7,8.410075
2024-06-01,0,2,18,13.447934
2024-06-02,0,2,10,10.368233
2024-06-03,0,2,14,6.3173842
2024-06-04,0,2,15,6.1718116
2024-06-05,0,2,6,8.692438
2024-06-06,0,2,18,15.151673
2024-06-07,0,2,19,9.310325
2024-06-08,0,2,16,10.816446
2024-06-09,0,2,30,10.369113
2024-06-10,0,2,7,10.190413
2024-06-11,0,2,8,13.716411
2024-06-12,0,2,14,9.904795
2024-06-13,0,2,6,14.200955
2024-06-14,0,2,2,14.253352
2024-06-15,0,2,18,15.582589
2024-06-16,0,2,7,6.759541
2024-06-17,0,2,12,13.616909
2024-06-18,0,2,6,11.442966
2024-06-19,0,2,15,13.066611
2024-06-20,0,2,8,13.700211
2024-06-21,0,2,6,9.876988
2024-06-22,0,2,4,18.458443
2024-06-23,0,2,10,15.100421
2024-06-24,0,2,18,11.959815
2024-06-25,0,2,7,16.890707
2024-06-26,0,2,15,16.18233
2024-06-27,0,2,12,10.8628845
2024-06-28,0,2,9,13.94731
2024-06-29,0,2,40,18.675505
2024-06-30,0,2,10,13.739828
2024-07-01,0,2,13,12.775382
2024-07-02,0,2,11,11.620119
2024-07-03,0,2,7,13.250742
2024-07-04,0,2,12,18.233286
2024-07-05,0,2,13,16.465994
2024-07-06,0,2,17,15.774739
2024-07-07,0,2,23,13.041154
2024-07-08,0,2,12,10.243877
2024-07-09,0,2,9,11.181935
2024-07-10,0,2,7,13.632837
2024-07-11,0,2,5,9.779709
2024-07-12,0,2,13,10.607906
2024-07-13,0,2,34,11.682869
2024-07-14,0,2,16,10.102121
2024-07-15,0,2,10,9.921181
2024-07-16,0,2,6,9.47242
2024-07-17,0,2,0,14.155324
2024-07-18,0,2,10,9.919262
2024-07-19,0,2,12,12.970033
2024-07-20,0,2,0,13.202977
2024-07-21,0,2,2,10.8162775
2024-07-22,0,2,8,10.920928
2024-07-23,0,2,11,13.5183325
2024-07-24,0,2,7,9.627925
2024-07-25,0,2,8,10.967464
2024-07-26,0,2,10,12.846617
2024-07-27,0,2,6,13.670885
2024-07-28,0,2,11,10.650895
2024-07-29,0,2,5,6.265191
2024-07-30,0,2,14,7.034518
2024-07-31,0,2,14,7.8720326
2024-08-01,0,2,17,7.7239256
2024-08-02,0,2,11,8.224823
2024-08-03,0,2,17,9.879213
2024-08-04,0,2,11,15.156246
2024-08-05,0,2,8,8.14482
2024-08-06,0,2,1,11.506952
2024-08-07,0,2,4,9.1305895
2024-08-08,0,2,20,14.271657
2024-08-09,0,2,14,13.557481
2024-08-10,0,2,21,12.925059
2024-08-11,0,2,15,10.678069
2024-08-12,0,2,12,7.761911
2024-08-13,0,2,8,8.116502
2024-08-14,0,2,3,14.501971
2024-08-15,0,2,6,16.209158
2024-08-16,0,2,12,9.688686
2024-08-17,0,2,16,10.924674
2024-08-18,0,2,0,18.3047
2024-08-19,0,2,10,14.338821
2024-08-20,0,2,14,14.07883
2024-08-21,0,2,16,8.645071
2024-08-22,0,2,18,14.5230875
2024-08-23,0,2,4,8.798441
2024-08-24,0,2,17,16.227337
2024-08-25,0,2,24,17.209875
2024-08-26,0,2,23,13.033997
2024-08-27,0,2,12,12.913122
2024-08-28,0,2,8,9.172414
2024-08-29,0,2,3,8.047204
2024-08-30,0,2,7,8.169472
2024-08-31,0,2,28,10.49588
2024-09-01,0,2,14,17.375776
2024-09-02,0,2,8,10.02347
2024-09-03,0,2,22,9.115737
2024-09-04,0,2,14,10.107421
2024-09-05,0,2,6,5.662688
2024-09-06,0,2,6,7.1001153
2024-09-07,0,2,4,11.829267
2024-09-08,0,2,4,10.018378
2024-09-09,0,2,5,9.14779
2024-09-10,0,2,14,9.325457
2024-09-11,0,2,7,8.308685
2024-09-12,0,2,5,6.8862205
2024-09-13,0,2,7,8.295799
2024-09-14,0,2,22,14.738872
2024-09-15,0,2,28,13.816273
2024-09-16,0,2,12,8.062157
2024-09-17,0,2,18,10.241757
2024-09-18,0,2,7,8.200702
2024-09-19,0,2,8,9.742158
2024-09-20,0,2,16,9.291791
2024-09-21,0,2,12,9.333073
2024-09-22,0,2,13,14.098541
2024-09-23,0,2,18,6.3164206
2024-09-24,0,2,16,9.340048
2024-09-25,0,2,7,10.06918
2024-09-26,0,2,4,5.9599895
2024-09-27,0,2,12,11.321071
2024-09-28,0,2,4,18.843401
2024-09-29,0,2,16,8.694085
2024-09-30,0,2,15,10.512646
2024-10-01,0,2,5,9.988441
2024-10-02,0,2,10,9.389254
2024-10-03,0,2,3,8.583007
2024-10-04,0,2,8,8.484891
2024-10-05,0,2,21,11.959194
2024-10-06,0,2,18,11.88388
2024-10-07,0,2,16,8.921002
2024-10-08,0,2,18,10.026096
2024-10-09,0,2,11,10.13104
2024-10-10,0,2,3,9.135546
2024-10-11,0,2,8,9.015922
2024-10-12,0,2,7,11.578783
2024-10-13,0,2,2,13.942569
2024-10-14,0,2,4,8.34066
2024-10-15,0,2,7,6.8724627
2024-10-16,0,2,18,8.5713415
2024-10-17,0,2,13,9.043186
2024-10-18,0,2,4,8.321333
2024-10-19,0,2,2,11.864764
2024-10-20,0,2,13,12.372015
2024-10-21,0,2,13,7.0577927
2024-10-22,0,2,10,6.959977
2024-10-23,0,2,7,8.244291
2024-10-24,0,2,10,8.958109
2024-10-25,0,2,13,7.159399
2024-10-26,0,2,0,9.622312
2024-10-27,0,2,5,9.860737
2024-10-28,0,2,18,6.5349455
2024-10-29,0,2,6,8.430571
2024-10-30,0,2,5,6.241314
2024-10-31,0,2,2,9.97934
2024-11-01,0,2,15,8.453958
2024-11-02,0,2,9,8.0087385
2024-11-03,0,2,5,7.11779
2024-11-04,0,2,4,5.8421354
2024-11-05,0,2,9,7.26381
2024-11-06,0,2,14,8.224964
2024-11-07,0,2,14,9.420654
2024-11-08,0,2,9,7.7763886
2024-11-09,0,2,10,11.393407
2024-11-10,0,2,7,10.122465
2024-11-11,0,2,5,6.193907
2024-11-12,0,2,8,7.0185084
2024-11-13,0,2,16,8.966314
2024-11-14,0,2,5,7.4191604
2024-11-15,0,2,9,9.038381
2024-11-16,0,2,18,14.827939
2024-11-17,0,2,6,11.254607
2024-11-18,0,2,16,5.5122514
2024-11-19,0,2,4,5.7410636
2024-11-20,0,2,12,7.7577834
2024-11-21,0,2,8,10.121947
2024-11-22,0,2,4,8.705918
2024-11-23,0,2,9,14.774098
2024-11-24,0,2,16,11.515433
2024-11-25,0,2,3,7.488615
2024-11-26,0,2,9,7.8410954
2024-11-27,0,2,10,7.882902
2024-11-28,0,2,12,7.7169566
2024-11-29,0,2,2,7.0646276
2024-11-30,0,2,15,12.649037
2024-12-01,0,2,3,9.928261
2024-12-02,0,2,13,7.2753096
2024-12-03,0,2,3,8.190526
2024-12-04,0,2,11,8.413101
2024-12-05,0,2,7,5.36584
2024-12-06,0,2,11,7.980906
2024-12-07,0,2,26,10.168208
2024-12-08,0,2,11,9.295136
2024-12-09,0,2,7,7.353238
2024-12-10,0,2,0,7.1559167
2024-12-11,0,2,8,8.218846
2024-12-12,0,2,4,7.4947844
2024-12-13,0,2,7,8.098764
2024-12-14,0,2,17,8.599212
2024-12-15,0,2,17,10.051372
2024-12-16,0,2,7,7.3657584
2024-12-17,0,2,6,7.239754
2024-12-18,0,2,11,7.581349
2024-12-19,0,2,9,8.166321
2024-12-20,0,2,7,8.1755085
2024-12-21,0,2,2,11.506643
2024-12-22,0,2,17,12.422292
2024-12-23,0,2,15,7.3348455
2024-12-24,0,2,5,6.4278536
2024-12-25,0,2,6,6.1364665
2024-12-26,0,2,3,7.490588
2024-12-27,0,2,12,7.4593606
2024-12-28,0,2,8,8.539757
2024-12-29,0,2,5,9.607051
2024-12-30,0,2,8,7.3570085
2024-12-31,0,2,3,6.258623
2024-01-01,0,0,5,7.503077
2024-01-02,0,0,6,5.2728043
2024-01-03,0,0,9,9.252825
2024-01-04,0,0,7,5.748019
2024-01-05,0,0,9,7.3431354
2024-01-06,0,0,14,8.062679
2024-01-07,0,0,9,11.698921
2024-01-08,0,0,6,6.3097334
2024-01-09,0,0,7,5.691612
2024-01-10,0,0,7,6.333715
2024-01-11,0,0,5,5.870129
2024-01-12,0,0,4,5.975491
2024-01-13,0,0,12,8.021024
2024-01-14,0,0,7,11.13869
2024-01-15,0,0,9,6.0856957
2024-01-16,0,0,7,5.6392097
2024-01-17,0,0,2,7.5182686
2024-01-18,0,0,4,5.8946123
2024-01-19,0,0,10,5.9999743
2024-01-20,0,0,12,9.490367
2024-01-21,0,0,9,8.332439
2024-01-22,0,0,8,6.1093173
2024-01-23,0,0,0,5.5359454
2024-01-24,0,0,5,6.8852034
2024-01-25,0,0,3,5.924052
2024-01-26,0,0,12,8.168649
2024-01-27,0,0,8,8.702229
2024-01-28,0,0,10,8.968175
2024-01-29,0,0,10,7.9142814
2024-01-30,0,0,5,5.405178
2024-01-31,0,0,10,10.037442
2024-02-01,0,0,17,8.259087
2024-02-02,0,0,6,8.275036
2024-02-03,0,0,12,6.9854164
2024-02-04,0,0,3,8.798965
2024-02-05,0,0,3,5.9962225
2024-02-06,0,0,8,6.4217196
2024-02-07,0,0,7,8.14743
2024-02-08,0,0,2,5.7182183
2024-02-09,0,0,3,6.369986
2024-02-10,0,0,13,12.040824
2024-02-11,0,0,10,10.307935
2024-02-12,0,0,13,6.5810394
2024-02-13,0,0,12,6.1327806
2024-02-14,0,0,3,8.360068
2024-02-15,0,0,4,5.8741035
2024-02-16,0,0,7,6.0956645
2024-02-17,0,0,14,12.040735
2024-02-18,0,0,6,9.763373
2024-02-19,0,0,10,7.15076
2024-02-20,0,0,7,6.7025013
2024-02-21,0,0,9,6.1404324
2024-02-22,0,0,7,8.583481
2024-02-23,0,0,11,9.18207
2024-02-24,0,0,14,7.4295254
2024-02-25,0,0,8,8.253934
2024-02-26,0,0,11,8.546462
2024-02-27,0,0,6,9.281876
2024-02-28,0,0,10,9.216584
2024-02-29,0,0,7,7.8387065
2024-03-01,0,0,11,8.95823
2024-03-02,0,0,12,11.377574
2024-03-03,0,0,16,14.950374
2024-03-04,0,0,12,7.92035
2024-03-05,0,0,8,7.8715553
2024-03-06,0,0,13,8.019143
2024-03-07,0,0,15,6.296158
2024-03-08,0,0,11,7.3024445
2024-03-09,0,0,19,11.882
2024-03-10,0,0,3,10.41475
2024-03-11,0,0,10,10.014675
2024-03-12,0,0,14,7.700111
2024-03-13,0,0,7,7.033393
2024-03-14,0,0,11,11.098553
2024-03-15,0,0,5,11.431983
2024-03-16,0,0,13,8.235285
2024-03-17,0,0,18,11.665021
2024-03-18,0,0,11,8.517204
2024-03-19,0,0,12,8.295251
2024-03-20,0,0,4,6.8850794
2024-03-21,0,0,6,8.838563
2024-03-22,0,0,9,9.079812
2024-03-23,0,0,17,12.486462
2024-03-24,0,0,15,18.882725
2024-03-25,0,0,5,8.240796
2024-03-26,0,0,16,9.64958
2024-03-27,0,0,6,7.33346
2024-03-28,0,0,6,8.25476
2024-03-29,0,0,6,6.1398354
2024-03-30,0,0,10,7.281979
2024-03-31,0,0,0,17.428564
2024-04-01,0,0,13,9.943852
2024-04-02,0,0,10,10.426258
2024-04-03,0,0,5,7.305464
2024-04-04,0,0,5,7.3326125
2024-04-05,0,0,6,8.377399
2024-04-06,0,0,15,10.299576
2024-04-07,0,0,12,15.3852625
2024-04-08,0,0,9,8.729646
2024-04-09,0,0,10,11.161676
2024-04-10,0,0,9,11.603073
2024-04-11,0,0,0,11.011795
2024-04-12,0,0,7,7.525577
2024-04-13,0,0,17,12.257465
2024-04-14,0,0,14,11.685829
2024-04-15,0,0,12,9.960931
2024-04-16,0,0,3,9.711141
2024-04-17,0,0,0,9.818849
2024-04-18,0,0,10,9.123198
2024-04-19,0,0,10,7.8379316
2024-04-20,0,0,20,13.256089
2024-04-21,0,0,12,14.563148
2024-04-22,0,0,22,9.524391
2024-04-23,0,0,13,8.900779
2024-04-24,0,0,14,9.738651
2024-04-25,0,0,10,9.176921
2024-04-26,0,0,5,7.7696767
2024-04-27,0,0,0,14.790494
2024-04-28,0,0,14,16.193953
2024-04-29,0,0,11,9.305154
2024-04-30,0,0,12,8.833181
2024-05-01,0,0,9,9.567102
2024-05-02,0,0,3,9.101403
2024-05-03,0,0,18,9.185465
2024-05-04,0,0,18,13.904994
2024-05-05,0,0,15,9.787288
2024-05-06,0,0,17,9.139883
2024-05-07,0,0,12,10.788764
2024-05-08,0,0,13,7.66199
2024-05-09,0,0,9,9.393145
2024-05-10,0,0,13,9.276513
2024-05-11,0,0,15,15.531955
2024-05-12,0,0,16,12.819952
2024-05-13,0,0,14,7.6248384
2024-05-14,0,0,8,8.51344
2024-05-15,0,0,5,8.774171
2024-05-16,0,0,7,10.5321045
2024-05-17,0,0,13,6.099788
2024-05-18,0,0,6,13.211947
2024-05-19,0,0,3,9.30541
2024-05-20,0,0,12,8.913832
2024-05-21,0,0,9,8.824673
2024-05-22,0,0,15,7.6370397
2024-05-23,0,0,12,8.198816
2024-05-24,0,0,11,6.6684513
2024-05-25,0,0,10,12.433962
2024-05-26,0,0,11,13.507871
2024-05-27,0,0,11,9.170821
2024-05-28,0,0,19,8.925102
2024-05-29,0,0,4,7.803715
2024-05-30,0,0,11,9.313695
2024-05-31,0,0,15,10.321699
2024-06-01,0,0,3,12.279794
2024-06-02,0,0,7,17.357122
2024-06-03,0,0,7,9.503992
2024-06-04,0,0,10,12.023997
2024-06-05,0,0,7,8.923317
2024-06-06,0,0,12,10.6522455
2024-06-07,0,0,8,12.425415
2024-06-08,0,0,6,13.014394
2024-06-09,0,0,12,17.389896
2024-06-10,0,0,7,10.429915
2024-06-11,0,0,8,8.548685
2024-06-12,0,0,11,12.874092
2024-06-13,0,0,13,8.711992
2024-06-14,0,0,15,9.905453
2024-06-15,0,0,8,12.885266
2024-06-16,0,0,0,11.763238
2024-06-17,0,0,6,12.481042
2024-06-18,0,0,15,7.86653
2024-06-19,0,0,11,9.060115
2024-06-20,0,0,14,9.817489
2024-06-21,0,0,14,11.246835
2024-06-22,0,0,20,14.269356
2024-06-23,0,0,22,12.294841
2024-06-24,0,0,22,11.836274
2024-06-25,0,0,8,9.072053
2024-06-26,0,0,24,15.622453
2024-06-27,0,0,8,15.16012
2024-06-28,0,0,0,10.747028
2024-06-29,0,0,20,16.58029
2024-06-30,0,0,14,13.0250435
2024-07-01,0,0,15,10.9219885
2024-07-02,0,0,14,9.794874
2024-07-03,0,0,14,11.918585
2024-07-04,0,0,16,14.55625
2024-07-05,0,0,0,11.8131485
2024-07-06,0,0,15,10.984995
2024-07-07,0,0,16,15.135434
2024-07-08,0,0,18,11.729296
2024-07-09,0,0,7,11.258507
2024-07-10,0,0,19,11.898242
2024-07-11,0,0,13,10.541513
2024-07-12,0,0,25,11.933451
2024-07-13,0,0,4,13.3353405
2024-07-14,0,0,23,14.068178
2024-07-15,0,0,25,12.092358
2024-07-16,0,0,4,7.8732524
2024-07-17,0,0,22,8.46847
2024-07-18,0,0,24,10.08824
2024-07-19,0,0,7,8.437336
2024-07-20,0,0,9,14.57656
2024-07-21,0,0,9,11.916983
2024-07-22,0,0,18,12.558986
2024-07-23,0,0,23,9.660598
2024-07-24,0,0,10,10.91204
2024-07-25,0,0,8,10.838619
2024-07-26,0,0,11,10.059328
2024-07-27,0,0,7,13.674538
2024-07-28,0,0,20,8.6257515
2024-07-29,0,0,12,11.525516
2024-07-30,0,0,6,11.016459
2024-07-31,0,0,15,11.204063
2024-08-01,0,0,8,8.517211
2024-08-02,0,0,9,9.216672
2024-08-03,0,0,0,10.049723
2024-08-04,0,0,23,16.474693
2024-08-05,0,0,11,11.178583
2024-08-06,0,0,10,11.05981
2024-08-07,0,0,14,11.378306
2024-08-08,0,0,14,13.303493
2024-08-09,0,0,6,10.884726
2024-08-10,0,0,6,11.144782
2024-08-11,0,0,17,12.5580225
2024-08-12,0,0,10,14.960592
2024-08-13,0,0,7,14.305807
2024-08-14,0,0,18,8.72637
2024-08-15,0,0,13,10.31425
2024-08-16,0,0,15,10.923536
2024-08-17,0,0,12,15.441845
2024-08-18,0,0,11,9.920137
2024-08-19,0,0,8,12.734592
2024-08-20,0,0,16,9.043278
2024-08-21,0,0,14,12.529665
2024-08-22,0,0,9,10.89074
2024-08-23,0,0,6,12.524384
2024-08-24,0,0,22,15.2468195
2024-08-25,0,0,11,16.090034
2024-08-26,0,0,2,12.5553
2024-08-27,0,0,6,12.258452
2024-08-28,0,0,18,12.074327
2024-08-29,0,0,19,12.706526
2024-08-30,0,0,0,12.075033
2024-08-31,0,0,15,18.935593
2024-09-01,0,0,13,16.776525
2024-09-02,0,0,3,7.3217864
2024-09-03,0,0,9,6.671451
2024-09-04,0,0,4,6.5974655
2024-09-05,0,0,8,6.0459037
2024-09-06,0,0,8,7.6628613
2024-09-07,0,0,25,12.420052
2024-09-08,0,0,15,12.917891
2024-09-09,0,0,8,8.306613
2024-09-10,0,0,11,10.725173
2024-09-11,0,0,5,6.856151
2024-09-12,0,0,9,5.966215
2024-09-13,0,0,1,6.0616007
2024-09-14,0,0,8,14.296693
2024-09-15,0,0,22,10.60666
2024-09-16,0,0,17,7.013202
2024-09-17,0,0,6,10.986149
2024-09-18,0,0,15,8.25986
2024-09-19,0,0,18,11.324505
2024-09-20,0,0,12,11.043916
2024-09-21,0,0,12,15.432749
2024-09-22,0,0,13,10.384251
2024-09-23,0,0,10,9.3262205
2024-09-24,0,0,11,10.164755
2024-09-25,0,0,0,10.744266
2024-09-26,0,0,16,10.210787
2024-09-27,0,0,0,8.922187
2024-09-28,0,0,20,8.752991
2024-09-29,0,0,6,14.866994
2024-09-30,0,0,1,8.103396
2024-10-01,0,0,3,10.326766
2024-10-02,0,0,5,10.831988
2024-10-03,0,0,7,10.9003525
2024-10-04,0,0,6,10.742698
2024-10-05,0,0,17,11.259864
2024-10-06,0,0,15,12.490318
2024-10-07,0,0,10,8.248977
2024-10-08,0,0,0,10.715791
2024-10-09,0,0,10,10.716906
2024-10-10,0,0,8,10.371547
2024-10-11,0,0,9,10.192384
2024-10-12,0,0,9,15.69997
2024-10-13,0,0,26,10.933544
2024-10-14,0,0,1,8.857505
2024-10-15,0,0,14,9.035094
2024-10-16,0,0,14,8.614692
2024-10-17,0,0,1,9.389488
2024-10-18,0,0,9,8.040353
2024-10-19,0,0,30,12.730809
2024-10-20,0,0,18,11.622619
2024-10-21,0,0,10,9.960103
2024-10-22,0,0,10,9.422471
2024-10-23,0,0,17,10.393278
2024-10-24,0,0,14,10.345387
2024-10-25,0,0,15,8.839581
2024-10-26,0,0,11,9.294008
2024-10-27,0,0,8,9.124746
2024-10-28,0,0,12,10.276458
2024-10-29,0,0,10,8.768427
2024-10-30,0,0,9,8.268701
2024-10-31,0,0,11,9.73875
2024-11-01,0,0,9,8.9862585
2024-11-02,0,0,12,8.5355
2024-11-03,0,0,18,7.15661
2024-11-04,0,0,4,8.68532
2024-11-05,0,0,11,7.483722
2024-11-06,0,0,7,12.0053005
2024-11-07,0,0,9,8.380551
2024-11-08,0,0,12,8.628952
2024-11-09,0,0,13,14.144831
2024-11-10,0,0,12,10.833657
2024-11-11,0,0,0,9.430986
2024-11-12,0,0,10,10.030443
2024-11-13,0,0,9,11.956402
2024-11-14,0,0,4,8.716022
2024-11-15,0,0,10,8.977028
2024-11-16,0,0,10,11.083133
2024-11-17,0,0,22,11.972639
2024-11-18,0,0,9,10.114085
2024-11-19,0,0,12,11.574846
2024-11-20,0,0,13,12.991161
2024-11-21,0,0,5,7.2843294
2024-11-22,0,0,0,10.02346
2024-11-23,0,0,16,9.72838
2024-11-24,0,0,7,9.336158
2024-11-25,0,0,11,9.18605
2024-11-26,0,0,9,9.896518
2024-11-27,0,0,6,8.239101
2024-11-28,0,0,8,7.921467
2024-11-29,0,0,9,7.6398187
2024-11-30,0,0,12,9.689865
2024-12-01,0,0,10,9.205855
2024-12-02,0,0,4,6.222486
2024-12-03,0,0,13,8.259696
2024-12-04,0,0,5,4.880958
2024-12-05,0,0,9,8.082077
2024-12-06,0,0,5,7.426445
2024-12-07,0,0,8,7.787017
2024-12-08,0,0,16,9.054088
2024-12-09,0,0,10,6.7464375
2024-12-10,0,0,3,6.4324446
2024-12-11,0,0,13,8.680799
2024-12-12,0,0,4,6.6784306
2024-12-13,0,0,2,6.6093764
2024-12-14,0,0,11,7.121039
2024-12-15,0,0,4,8.742618
2024-12-16,0,0,16,6.42294
2024-12-17,0,0,14,6.1766133
2024-12-18,0,0,10,9.706571
2024-12-19,0,0,2,6.363591
2024-12-20,0,0,16,7.2457943
2024-12-21,0,0,6,7.8489814
2024-12-22,0,0,10,13.080163
2024-12-23,0,0,1,7.1611433
2024-12-24,0,0,9,11.1732855
2024-12-25,0,0,2,5.7986684
2024-12-26,0,0,8,6.3802
2024-12-27,0,0,8,5.437768
2024-12-28,0,0,6,7.7949843
2024-12-29,0,0,10,11.737161
2024-12-30,0,0,3,7.503077
2024-12-31,0,0,9,5.195482
2024-01-01,0,1,9,6.0732036
2024-01-02,0,1,1,8.740675
2024-01-03,0,1,8,5.840085
2024-01-04,0,1,1,6.3193865
2024-01-05,0,1,6,5.8076043
2024-01-06,0,1,4,8.125936
2024-01-07,0,1,7,8.886787
2024-01-08,0,1,3,6.0900755
2024-01-09,0,1,13,7.5727935
2024-01-10,0,1,9,5.7499022
2024-01-11,0,1,5,7.823832
2024-01-12,0,1,2,7.493754
2024-01-13,0,1,2,8.151991
2024-01-14,0,1,15,11.428204
2024-01-15,0,1,9,6.7300053
2024-01-16,0,1,7,7.348757
2024-01-17,0,1,4,6.721863
2024-01-18,0,1,9,6.090746
2024-01-19,0,1,16,7.2697167
2024-01-20,0,1,11,9.604769
2024-01-21,0,1,10,8.187286
2024-01-22,0,1,5,5.932443
2024-01-23,0,1,9,8.298828
2024-01-24,0,1,10,5.742946
2024-01-25,0,1,4,8.3198595
2024-01-26,0,1,10,7.9664755
2024-01-27,0,1,16,8.854246
2024-01-28,0,1,16,7.7153325
2024-01-29,0,1,9,8.31728
2024-01-30,0,1,5,5.6495786
2024-01-31,0,1,5,9.186257
2024-02-01,0,1,10,8.758004
2024-02-02,0,1,9,8.300771
2024-02-03,0,1,10,7.580461
2024-02-04,0,1,7,12.979867
2024-02-05,0,1,9,6.377912
2024-02-06,0,1,10,6.3456306
2024-02-07,0,1,6,6.321679
2024-02-08,0,1,9,8.637708
2024-02-09,0,1,5,8.306474
2024-02-10,0,1,14,12.0787
2024-02-11,0,1,17,12.807723
2024-02-12,0,1,9,8.6639595
2024-02-13,0,1,3,8.753146
2024-02-14,0,1,6,8.348024
2024-02-15,0,1,9,8.61939
2024-02-16,0,1,15,6.3898435
2024-02-17,0,1,7,12.3814945
2024-02-18,0,1,15,12.827034
2024-02-19,0,1,5,7.3451896
2024-02-20,0,1,5,6.8532133
2024-02-21,0,1,16,9.487949
2024-02-22,0,1,8,6.942676
2024-02-23,0,1,12,6.823635
2024-02-24,0,1,3,7.840626
2024-02-25,0,1,11,12.753391
2024-02-26,0,1,9,9.360019
2024-02-27,0,1,4,8.369158
2024-02-28,0,1,7,8.344398
2024-02-29,0,1,7,9.163762
2024-03-01,0,1,4,8.916451
2024-03-02,0,1,8,9.763638
2024-03-03,0,1,8,10.988716
2024-03-04,0,1,6,7.46143
2024-03-05,0,1,7,8.826431
2024-03-06,0,1,11,7.42278
2024-03-07,0,1,14,8.8962965
2024-03-08,0,1,8,9.807918
2024-03-09,0,1,9,8.215669
2024-03-10,0,1,12,9.85344
2024-03-11,0,1,8,8.072241
2024-03-12,0,1,10,11.042982
2024-03-13,0,1,14,13.405732
2024-03-14,0,1,7,10.860428
2024-03-15,0,1,15,11.670854
2024-03-16,0,1,12,8.749298
2024-03-17,0,1,10,15.99371
2024-03-18,0,1,16,10.041699
2024-03-19,0,1,20,11.44589
2024-03-20,0,1,0,12.524881
2024-03-21,0,1,10,11.744132
2024-03-22,0,1,5,11.498064
2024-03-23,0,1,11,7.7167053
2024-03-24,0,1,10,10.532195
2024-03-25,0,1,16,7.965211
2024-03-26,0,1,3,9.638681
2024-03-27,0,1,2,8.6676035
2024-03-28,0,1,12,7.7200313
2024-03-29,0,1,11,6.412336
2024-03-30,0,1,10,12.570754
2024-03-31,0,1,16,10.99516
2024-04-01,0,1,11,7.3979197
2024-04-02,0,1,5,9.221322
2024-04-03,0,1,5,6.7284074
2024-04-04,0,1,4,6.9486427
2024-04-05,0,1,13,8.5189495
2024-04-06,0,1,22,12.454314
2024-04-07,0,1,12,10.836356
2024-04-08,0,1,7,8.17716
2024-04-09,0,1,16,7.8602185
2024-04-10,0,1,20,10.186412
2024-04-11,0,1,12,7.479352
2024-04-12,0,1,10,7.3596306
2024-04-13,0,1,0,12.098066
2024-04-14,0,1,6,11.511033
2024-04-15,0,1,9,9.541503
2024-04-16,0,1,6,9.580459
2024-04-17,0,1,11,9.813187
2024-04-18,0,1,11,8.69347
2024-04-19,0,1,16,9.402096
2024-04-20,0,1,11,13.174218
2024-04-21,0,1,6,11.035224
2024-04-22,0,1,12,9.423814
2024-04-23,0,1,19,11.001912
2024-04-24,0,1,9,9.358915
2024-04-25,0,1,6,10.3880205
2024-04-26,0,1,6,7.667833
2024-04-27,0,1,9,14.842142
2024-04-28,0,1,19,16.180614
2024-04-29,0,1,8,11.130646
2024-04-30,0,1,9,11.269918
2024-05-01,0,1,0,8.512192
2024-05-02,0,1,14,11.28383
2024-05-03,0,1,13,11.255356
2024-05-04,0,1,0,11.597241
2024-05-05,0,1,5,10.704784
2024-05-06,0,1,12,12.324893
2024-05-07,0,1,9,8.744349
2024-05-08,0,1,5,7.697687
2024-05-09,0,1,5,10.0617895
2024-05-10,0,1,12,11.266981
2024-05-11,0,1,23,16.569542
2024-05-12,0,1,15,12.12697
2024-05-13,0,1,8,9.21123
2024-05-14,0,1,6,13.403324
2024-05-15,0,1,7,9.771431
2024-05-16,0,1,13,12.716527
2024-05-17,0,1,5,12.729925
2024-05-18,0,1,10,15.02728
2024-05-19,0,1,7,16.079311
2024-05-20,0,1,3,14.811641
2024-05-21,0,1,7,13.890252
2024-05-22,0,1,11,9.533614
2024-05-23,0,1,6,9.460424
2024-05-24,0,1,15,11.699938
2024-05-25,0,1,5,14.640635
2024-05-26,0,1,13,16.343744
2024-05-27,0,1,16,14.074853
2024-05-28,0,1,8,9.572151
2024-05-29,0,1,6,9.313163
2024-05-30,0,1,13,14.002118
2024-05-31,0,1,8,8.439919
2024-06-01,0,1,14,10.750526
2024-06-02,0,1,19,17.179214
2024-06-03,0,1,13,12.418785
2024-06-04,0,1,12,9.58456
2024-06-05,0,1,2,15.031698
2024-06-06,0,1,19,15.296584
2024-06-07,0,1,21,13.887848
2024-06-08,0,1,11,11.349758
2024-06-09,0,1,21,15.609703
2024-06-10,0,1,10,15.651073
2024-06-11,0,1,8,10.092477
2024-06-12,0,1,19,14.173353
2024-06-13,0,1,5,10.20265
2024-06-14,0,1,11,13.243684
2024-06-15,0,1,30,17.392776
2024-06-16,0,1,18,10.727874
2024-06-17,0,1,8,13.03932
2024-06-18,0,1,16,8.661542
2024-06-19,0,1,7,13.092987
2024-06-20,0,1,8,13.748367
2024-06-21,0,1,4,10.762958
2024-06-22,0,1,19,14.631153
2024-06-23,0,1,5,12.87124
2024-06-24,0,1,6,13.175225
2024-06-25,0,1,13,14.020184
2024-06-26,0,1,9,16.355196
2024-06-27,0,1,11,16.19665
2024-06-28,0,1,4,14.876999
2024-06-29,0,1,20,17.853367
2024-06-30,0,1,16,13.831653
2024-07-01,0,1,5,14.943988
2024-07-02,0,1,11,9.2461815
2024-07-03,0,1,1,11.56728
2024-07-04,0,1,15,14.873481
2024-07-05,0,1,3,9.940898
2024-07-06,0,1,37,14.389213
2024-07-07,0,1,23,15.332536
2024-07-08,0,1,15,11.237305
2024-07-09,0,1,8,11.284873
2024-07-10,0,1,22,13.397958
2024-07-11,0,1,8,12.304572
2024-07-12,0,1,7,9.405891
2024-07-13,0,1,3,10.894112
2024-07-14,0,1,16,14.362352
2024-07-15,0,1,4,8.824004
2024-07-16,0,1,8,8.030902
2024-07-17,0,1,6,13.072026
2024-07-18,0,1,1,9.453452
2024-07-19,0,1,15,11.628279
2024-07-20,0,1,15,12.93722
2024-07-21,0,1,9,12.211157
2024-07-22,0,1,8,9.789927
2024-07-23,0,1,0,8.033056
2024-07-24,0,1,8,12.572173
2024-07-25,0,1,10,10.300634
2024-07-26,0,1,5,7.2834034
2024-07-27,0,1,6,12.805769
2024-07-28,0,1,8,7.2704835
2024-07-29,0,1,27,13.69919
2024-07-30,0,1,8,13.324375
2024-07-31,0,1,13,13.127985
2024-08-01,0,1,12,7.985615
2024-08-02,0,1,10,9.713735
2024-08-03,0,1,14,10.578572
2024-08-04,0,1,5,17.594185
2024-08-05,0,1,16,9.083689
2024-08-06,0,1,18,11.711169
2024-08-07,0,1,10,11.984631
2024-08-08,0,1,18,13.172737
2024-08-09,0,1,23,12.660353
2024-08-10,0,1,31,12.262866
2024-08-11,0,1,16,14.776816
2024-08-12,0,1,22,14.928322
2024-08-13,0,1,7,6.911962
2024-08-14,0,1,10,15.16128
2024-08-15,0,1,14,9.075665
2024-08-16,0,1,6,14.4173975
2024-08-17,0,1,17,11.330047
2024-08-18,0,1,7,9.742052
2024-08-19,0,1,10,13.245438
2024-08-20,0,1,17,9.022308
2024-08-21,0,1,13,9.393004
2024-08-22,0,1,8,9.652156
2024-08-23,0,1,3,13.138381
2024-08-24,0,1,22,10.46099
2024-08-25,0,1,27,16.786812
2024-08-26,0,1,12,9.872947
2024-08-27,0,1,8,11.90001
2024-08-28,0,1,13,11.652402
2024-08-29,0,1,10,9.054565
2024-08-30,0,1,24,9.024506
2024-08-31,0,1,18,10.6088915
2024-09-01,0,1,3,17.680174
2024-09-02,0,1,9,6.911381
2024-09-03,0,1,6,10.069581
2024-09-04,0,1,3,7.8535933
2024-09-05,0,1,7,5.8733864
2024-09-06,0,1,0,7.3108134
2024-09-07,0,1,6,15.247005
2024-09-08,0,1,6,12.866515
2024-09-09,0,1,7,8.005758
2024-09-10,0,1,1,8.351153
2024-09-11,0,1,7,7.3243885
2024-09-12,0,1,7,9.177279
2024-09-13,0,1,11,5.391936
2024-09-14,0,1,19,14.742553
2024-09-15,0,1,5,10.174003
2024-09-16,0,1,7,9.222215
2024-09-17,0,1,19,10.704106
2024-09-18,0,1,16,11.874912
2024-09-19,0,1,15,10.711922
2024-09-20,0,1,10,6.716978
2024-09-21,0,1,2,8.943138
2024-09-22,0,1,31,14.566902
2024-09-23,0,1,17,8.509191
2024-09-24,0,1,2,8.536014
2024-09-25,0,1,7,10.715864
2024-09-26,0,1,7,9.998252
2024-09-27,0,1,7,8.2076645
2024-09-28,0,1,16,7.511924
2024-09-29,0,1,20,18.723911
2024-09-30,0,1,6,9.568323
2024-10-01,0,1,7,10.500021
2024-10-02,0,1,11,11.801043
2024-10-03,0,1,7,10.447336
2024-10-04,0,1,7,10.254625
2024-10-05,0,1,10,12.097086
2024-10-06,0,1,6,12.3286
2024-10-07,0,1,3,7.9961505
2024-10-08,0,1,10,10.201292
2024-10-09,0,1,11,10.872633
2024-10-10,0,1,3,9.98632
2024-10-11,0,1,18,9.888516
2024-10-12,0,1,23,16.678102
2024-10-13,0,1,13,10.916178
2024-10-14,0,1,8,8.52548
2024-10-15,0,1,11,9.022384
2024-10-16,0,1,6,8.844539
2024-10-17,0,1,15,9.957485
2024-10-18,0,1,16,8.497383
2024-10-19,0,1,5,12.646445
2024-10-20,0,1,20,11.294316
2024-10-21,0,1,7,9.132548
2024-10-22,0,1,5,9.375164
2024-10-23,0,1,5,10.333509
2024-10-24,0,1,8,10.520728
2024-10-25,0,1,7,8.622691
2024-10-26,0,1,6,13.4281845
2024-10-27,0,1,15,11.694395
2024-10-28,0,1,2,8.031224
2024-10-29,0,1,7,8.760044
2024-10-30,0,1,9,8.317308
2024-10-31,0,1,5,8.523336
2024-11-01,0,1,13,8.785379
2024-11-02,0,1,5,14.245107
2024-11-03,0,1,12,7.168683
2024-11-04,0,1,6,7.0771065
2024-11-05,0,1,8,7.6099596
2024-11-06,0,1,15,12.352329
2024-11-07,0,1,3,10.974843
2024-11-08,0,1,8,8.815813
2024-11-09,0,1,6,11.831273
2024-11-10,0,1,7,11.479445
2024-11-11,0,1,6,7.7462826
2024-11-12,0,1,5,9.817985
2024-11-13,0,1,6,10.47561
2024-11-14,0,1,9,11.64495
2024-11-15,0,1,7,8.097846
2024-11-16,0,1,16,10.7351055
2024-11-17,0,1,9,10.952514
2024-11-18,0,1,21,10.1129675
2024-11-19,0,1,9,6.9861026
2024-11-20,0,1,10,8.671558
2024-11-21,0,1,12,12.4784775
2024-11-22,0,1,13,10.492006
2024-11-23,0,1,3,15.495847
2024-11-24,0,1,17,9.488109
2024-11-25,0,1,6,7.482583
2024-11-26,0,1,6,8.287115
2024-11-27,0,1,14,8.1987095
2024-11-28,0,1,8,8.161822
2024-11-29,0,1,27,9.710495
2024-11-30,0,1,21,9.159137
2024-12-01,0,1,0,10.981196
2024-12-02,0,1,0,7.159955
2024-12-03,0,1,5,4.6500974
2024-12-04,0,1,8,5.221405
2024-12-05,0,1,2,8.085429
2024-12-06,0,1,15,4.9663744
2024-12-07,0,1,17,8.551424
2024-12-08,0,1,15,9.09612
2024-12-09,0,1,13,7.293979
2024-12-10,0,1,7,6.691254
2024-12-11,0,1,9,7.5177326
2024-12-12,0,1,1,7.021531
2024-12-13,0,1,6,6.7996674
2024-12-14,0,1,5,7.19717
2024-12-15,0,1,17,8.78465
2024-12-16,0,1,9,7.860912
2024-12-17,0,1,3,8.727057
2024-12-18,0,1,5,7.5385404
2024-12-19,0,1,9,7.3138313
2024-12-20,0,1,5,6.8498554
2024-12-21,0,1,11,8.143571
2024-12-22,0,1,10,9.680693
2024-12-23,0,1,13,8.554386
2024-12-24,0,1,8,9.4307575
2024-12-25,0,1,5,6.7472167
2024-12-26,0,1,3,7.473489
2024-12-27,0,1,4,6.1560493
2024-12-28,0,1,10,10.7955675
2024-12-29,0,1,18,11.779193
2024-12-30,0,1,12,6.0335064
2024-12-31,0,1,5,6.084442
